0.0, 0.0, 0.0, 1.0, 0.0, 0.0, 0.018633540372670808, 0.23076923076923078, 0.34285714285714286, 1.0, 0.0
0.0, 0.0, 0.25, 0.0, 0.0, 1.0, 0.031055900621118012, 0.17307692307692307, 0.25, 0.0, 1.0
0.0, 0.0, 0.5, 1.0, 0.0, 0.0, 0.043478260869565216, 0.11538461538461539, 0.38571428571428573, 0.0, 1.0
0.0, 0.0, 0.75, 1.0, 0.0, 0.0, 0.055900621118012424, 0.057692307692307696, 0.40714285714285714, 0.0, 1.0
0.0, 0.0, 1.0, 0.0, 1.0, 0.0, 0.06832298136645963, 0.0, 0.6285714285714286, 1.0, 0.0
0.0, 0.2, 0.0, 1.0, 0.0, 0.0, 0.014906832298136637, 0.2692307692307692, 0.34285714285714286, 1.0, 0.0
0.0, 0.2, 0.25, 0.0, 0.0, 1.0, 0.027329192546583843, 0.21153846153846154, 0.25, 1.0, 0.0
0.0, 0.2, 0.5, 0.0, 1.0, 0.0, 0.03975155279503105, 0.15384615384615385, 0.4857142857142857, 0.0, 1.0
0.0, 0.2, 0.75, 1.0, 0.0, 0.0, 0.05217391304347825, 0.09615384615384616, 0.40714285714285714, 0.0, 1.0
0.0, 0.2, 1.0, 0.0, 1.0, 0.0, 0.06459627329192545, 0.038461538461538464, 0.6285714285714286, 0.0, 1.0
0.0, 0.4, 0.0, 0.0, 1.0, 0.0, 0.011180124223602489, 0.3076923076923077, 0.34285714285714286, 1.0, 0.0
0.0, 0.4, 0.25, 0.0, 1.0, 0.0, 0.023602484472049694, 0.25, 0.4142857142857143, 1.0, 0.0
0.0, 0.4, 0.5, 0.0, 1.0, 0.0, 0.03602484472049688, 0.19230769230769232, 0.4857142857142857, 0.0, 1.0
0.0, 0.4, 0.75, 0.0, 1.0, 0.0, 0.04844720496894408, 0.1346153846153846, 0.5571428571428572, 0.0, 1.0
0.0, 0.4, 1.0, 0.0, 0.0, 1.0, 0.060869565217391286, 0.07692307692307693, 0.35714285714285715, 0.0, 1.0
0.0, 0.6, 0.0, 0.0, 0.0, 1.0, 0.0074534161490683185, 0.34615384615384615, 0.21428571428571427, 1.0, 0.0
0.0, 0.6, 0.25, 0.0, 1.0, 0.0, 0.019875776397515525, 0.28846153846153844, 0.4142857142857143, 1.0, 0.0
0.0, 0.6, 0.5, 0.0, 0.0, 1.0, 0.032298136645962754, 0.23076923076923078, 0.2857142857142857, 1.0, 0.0
0.0, 0.6, 0.75, 1.0, 0.0, 0.0, 0.044720496894409954, 0.17307692307692307, 0.40714285714285714, 0.0, 1.0
0.0, 0.6, 1.0, 1.0, 0.0, 0.0, 0.05714285714285716, 0.11538461538461539, 0.42857142857142855, 0.0, 1.0
0.0, 0.8, 0.0, 0.0, 0.0, 1.0, 0.0037267080745341705, 0.38461538461538464, 0.21428571428571427, 1.0, 0.0
0.0, 0.8, 0.25, 0.0, 0.0, 1.0, 0.016149068322981377, 0.3269230769230769, 0.25, 1.0, 0.0
0.0, 0.8, 0.5, 0.0, 0.0, 1.0, 0.02857142857142858, 0.2692307692307692, 0.2857142857142857, 1.0, 0.0
0.0, 0.8, 0.75, 1.0, 0.0, 0.0, 0.04099378881987579, 0.21153846153846154, 0.40714285714285714, 1.0, 0.0
0.0, 0.8, 1.0, 0.0, 0.0, 1.0, 0.05341614906832299, 0.15384615384615385, 0.35714285714285715, 0.0, 1.0
0.0, 1.0, 0.0, 0.0, 1.0, 0.0, 0.0, 0.4230769230769231, 0.34285714285714286, 1.0, 0.0
0.0, 1.0, 0.25, 0.0, 1.0, 0.0, 0.012422360248447204, 0.36538461538461536, 0.4142857142857143, 1.0, 0.0
0.0, 1.0, 0.5, 0.0, 0.0, 1.0, 0.024844720496894408, 0.3076923076923077, 0.2857142857142857, 1.0, 0.0
0.0, 1.0, 0.75, 0.0, 0.0, 1.0, 0.037267080745341616, 0.25, 0.32142857142857145, 1.0, 0.0
0.0, 1.0, 1.0, 1.0, 0.0, 0.0, 0.049689440993788817, 0.19230769230769232, 0.42857142857142855, 0.0, 1.0
0.1, 0.0, 0.0, 1.0, 0.0, 0.0, 0.11180124223602485, 0.28846153846153844, 0.4, 1.0, 0.0
0.1, 0.0, 0.25, 0.0, 0.0, 1.0, 0.12422360248447205, 0.23076923076923078, 0.22857142857142856, 0.0, 1.0
0.1, 0.0, 0.5, 0.0, 0.0, 1.0, 0.13664596273291926, 0.17307692307692307, 0.2642857142857143, 0.0, 1.0
0.1, 0.0, 0.75, 0.0, 1.0, 0.0, 0.14906832298136646, 0.11538461538461539, 0.5642857142857143, 0.0, 1.0
0.1, 0.0, 1.0, 0.0, 1.0, 0.0, 0.16149068322981366, 0.057692307692307696, 0.6357142857142857, 0.0, 1.0
0.1, 0.2, 0.0, 0.0, 1.0, 0.0, 0.10807453416149067, 0.3269230769230769, 0.35, 1.0, 0.0
0.1, 0.2, 0.25, 1.0, 0.0, 0.0, 0.12049689440993788, 0.2692307692307692, 0.42142857142857143, 0.0, 1.0
0.1, 0.2, 0.5, 0.0, 1.0, 0.0, 0.13291925465838508, 0.21153846153846154, 0.4928571428571429, 0.0, 1.0
0.1, 0.2, 0.75, 0.0, 1.0, 0.0, 0.14534161490683228, 0.15384615384615385, 0.5642857142857143, 0.0, 1.0
0.1, 0.2, 1.0, 0.0, 1.0, 0.0, 0.15776397515527948, 0.09615384615384616, 0.6357142857142857, 0.0, 1.0
0.1, 0.4, 0.0, 1.0, 0.0, 0.0, 0.1043478260869565, 0.36538461538461536, 0.4, 1.0, 0.0
0.1, 0.4, 0.25, 1.0, 0.0, 0.0, 0.1167701863354037, 0.3076923076923077, 0.42142857142857143, 1.0, 0.0
0.1, 0.4, 0.5, 0.0, 0.0, 1.0, 0.1291925465838509, 0.25, 0.2642857142857143, 0.0, 1.0
0.1, 0.4, 0.75, 0.0, 1.0, 0.0, 0.14161490683229813, 0.19230769230769232, 0.5642857142857143, 0.0, 1.0
0.1, 0.4, 1.0, 1.0, 0.0, 0.0, 0.15403726708074533, 0.1346153846153846, 0.4857142857142857, 0.0, 1.0
0.1, 0.6, 0.0, 0.0, 0.0, 1.0, 0.10062111801242238, 0.40384615384615385, 0.19285714285714287, 1.0, 0.0
0.1, 0.6, 0.25, 1.0, 0.0, 0.0, 0.11304347826086958, 0.34615384615384615, 0.42142857142857143, 1.0, 0.0
0.1, 0.6, 0.5, 0.0, 0.0, 1.0, 0.12546583850931678, 0.28846153846153844, 0.2642857142857143, 1.0, 0.0
0.1, 0.6, 0.75, 0.0, 1.0, 0.0, 0.13788819875776398, 0.23076923076923078, 0.5642857142857143, 0.0, 1.0
0.1, 0.6, 1.0, 1.0, 0.0, 0.0, 0.1503105590062112, 0.17307692307692307, 0.4857142857142857, 0.0, 1.0
0.1, 0.8, 0.0, 1.0, 0.0, 0.0, 0.09689440993788821, 0.4423076923076923, 0.4, 1.0, 0.0
0.1, 0.8, 0.25, 0.0, 0.0, 1.0, 0.10931677018633541, 0.38461538461538464, 0.22857142857142856, 1.0, 0.0
0.1, 0.8, 0.5, 0.0, 1.0, 0.0, 0.12173913043478261, 0.3269230769230769, 0.4928571428571429, 1.0, 0.0
0.1, 0.8, 0.75, 0.0, 1.0, 0.0, 0.13416149068322983, 0.2692307692307692, 0.5642857142857143, 0.0, 1.0
0.1, 0.8, 1.0, 0.0, 0.0, 1.0, 0.14658385093167703, 0.21153846153846154, 0.3357142857142857, 0.0, 1.0
0.1, 1.0, 0.0, 0.0, 0.0, 1.0, 0.09316770186335403, 0.4807692307692308, 0.19285714285714287, 1.0, 0.0
0.1, 1.0, 0.25, 1.0, 0.0, 0.0, 0.10559006211180125, 0.4230769230769231, 0.42142857142857143, 1.0, 0.0
0.1, 1.0, 0.5, 0.0, 1.0, 0.0, 0.11801242236024845, 0.36538461538461536, 0.4928571428571429, 1.0, 0.0
0.1, 1.0, 0.75, 0.0, 0.0, 1.0, 0.13043478260869565, 0.3076923076923077, 0.3, 1.0, 0.0
0.1, 1.0, 1.0, 0.0, 1.0, 0.0, 0.14285714285714285, 0.25, 0.6357142857142857, 0.0, 1.0
0.2, 0.0, 0.0, 1.0, 0.0, 0.0, 0.20496894409937888, 0.34615384615384615, 0.45714285714285713, 1.0, 0.0
0.2, 0.0, 0.25, 1.0, 0.0, 0.0, 0.21739130434782608, 0.28846153846153844, 0.4785714285714286, 0.0, 1.0
0.2, 0.0, 0.5, 1.0, 0.0, 0.0, 0.22981366459627328, 0.23076923076923078, 0.5, 0.0, 1.0
0.2, 0.0, 0.75, 0.0, 0.0, 1.0, 0.2422360248447205, 0.17307692307692307, 0.2785714285714286, 0.0, 1.0
0.2, 0.0, 1.0, 0.0, 1.0, 0.0, 0.2546583850931677, 0.11538461538461539, 0.6428571428571429, 0.0, 1.0
0.2, 0.2, 0.0, 0.0, 1.0, 0.0, 0.2012422360248447, 0.38461538461538464, 0.35714285714285715, 1.0, 0.0
0.2, 0.2, 0.25, 1.0, 0.0, 0.0, 0.21366459627329193, 0.3269230769230769, 0.4785714285714286, 0.0, 1.0
0.2, 0.2, 0.5, 1.0, 0.0, 0.0, 0.22608695652173916, 0.2692307692307692, 0.5, 0.0, 1.0
0.2, 0.2, 0.75, 1.0, 0.0, 0.0, 0.23850931677018636, 0.21153846153846154, 0.5214285714285715, 0.0, 1.0
0.2, 0.2, 1.0, 0.0, 1.0, 0.0, 0.25093167701863356, 0.15384615384615385, 0.6428571428571429, 0.0, 1.0
0.2, 0.4, 0.0, 0.0, 0.0, 1.0, 0.19751552795031055, 0.4230769230769231, 0.17142857142857143, 1.0, 0.0
0.2, 0.4, 0.25, 0.0, 0.0, 1.0, 0.20993788819875775, 0.36538461538461536, 0.20714285714285716, 1.0, 0.0
0.2, 0.4, 0.5, 1.0, 0.0, 0.0, 0.22236024844720495, 0.3076923076923077, 0.5, 0.0, 1.0
0.2, 0.4, 0.75, 0.0, 1.0, 0.0, 0.23478260869565215, 0.25, 0.5714285714285714, 0.0, 1.0
0.2, 0.4, 1.0, 0.0, 0.0, 1.0, 0.24720496894409935, 0.19230769230769232, 0.3142857142857143, 0.0, 1.0
0.2, 0.6, 0.0, 0.0, 1.0, 0.0, 0.19378881987577642, 0.46153846153846156, 0.35714285714285715, 1.0, 0.0
0.2, 0.6, 0.25, 0.0, 1.0, 0.0, 0.20621118012422363, 0.40384615384615385, 0.42857142857142855, 1.0, 0.0
0.2, 0.6, 0.5, 0.0, 0.0, 1.0, 0.21863354037267083, 0.34615384615384615, 0.24285714285714285, 0.0, 1.0
0.2, 0.6, 0.75, 0.0, 0.0, 1.0, 0.23105590062111803, 0.28846153846153844, 0.2785714285714286, 0.0, 1.0
0.2, 0.6, 1.0, 0.0, 0.0, 1.0, 0.24347826086956523, 0.23076923076923078, 0.3142857142857143, 0.0, 1.0
0.2, 0.8, 0.0, 1.0, 0.0, 0.0, 0.19006211180124225, 0.5, 0.45714285714285713, 1.0, 0.0
0.2, 0.8, 0.25, 0.0, 0.0, 1.0, 0.20248447204968945, 0.4423076923076923, 0.20714285714285716, 1.0, 0.0
0.2, 0.8, 0.5, 0.0, 1.0, 0.0, 0.21490683229813665, 0.38461538461538464, 0.5, 1.0, 0.0
0.2, 0.8, 0.75, 1.0, 0.0, 0.0, 0.22732919254658382, 0.3269230769230769, 0.5214285714285715, 0.0, 1.0
0.2, 0.8, 1.0, 0.0, 0.0, 1.0, 0.23975155279503102, 0.2692307692307692, 0.3142857142857143, 0.0, 1.0
0.2, 1.0, 0.0, 0.0, 1.0, 0.0, 0.18633540372670807, 0.5384615384615384, 0.35714285714285715, 1.0, 0.0
0.2, 1.0, 0.25, 1.0, 0.0, 0.0, 0.19875776397515527, 0.4807692307692308, 0.4785714285714286, 1.0, 0.0
0.2, 1.0, 0.5, 1.0, 0.0, 0.0, 0.2111801242236025, 0.4230769230769231, 0.5, 1.0, 0.0
0.2, 1.0, 0.75, 0.0, 0.0, 1.0, 0.2236024844720497, 0.36538461538461536, 0.2785714285714286, 1.0, 0.0
0.2, 1.0, 1.0, 1.0, 0.0, 0.0, 0.2360248447204969, 0.3076923076923077, 0.5428571428571428, 0.0, 1.0
0.3, 0.0, 0.0, 1.0, 0.0, 0.0, 0.2981366459627329, 0.40384615384615385, 0.5142857142857142, 0.0, 1.0
0.3, 0.0, 0.25, 1.0, 0.0, 0.0, 0.3105590062111801, 0.34615384615384615, 0.5357142857142857, 0.0, 1.0
0.3, 0.0, 0.5, 0.0, 1.0, 0.0, 0.32298136645962733, 0.28846153846153844, 0.5071428571428571, 0.0, 1.0
0.3, 0.0, 0.75, 0.0, 0.0, 1.0, 0.33540372670807456, 0.23076923076923078, 0.2571428571428571, 0.0, 1.0
0.3, 0.0, 1.0, 0.0, 1.0, 0.0, 0.34782608695652173, 0.17307692307692307, 0.65, 0.0, 1.0
0.3, 0.2, 0.0, 0.0, 1.0, 0.0, 0.2944099378881988, 0.4423076923076923, 0.36428571428571427, 1.0, 0.0
0.3, 0.2, 0.25, 0.0, 1.0, 0.0, 0.306832298136646, 0.38461538461538464, 0.4357142857142857, 0.0, 1.0
0.3, 0.2, 0.5, 1.0, 0.0, 0.0, 0.3192546583850932, 0.3269230769230769, 0.5571428571428572, 0.0, 1.0
0.3, 0.2, 0.75, 0.0, 0.0, 1.0, 0.33167701863354043, 0.2692307692307692, 0.2571428571428571, 0.0, 1.0
0.3, 0.2, 1.0, 0.0, 0.0, 1.0, 0.3440993788819876, 0.21153846153846154, 0.29285714285714287, 0.0, 1.0
0.3, 0.4, 0.0, 1.0, 0.0, 0.0, 0.29068322981366457, 0.4807692307692308, 0.5142857142857142, 1.0, 0.0
0.3, 0.4, 0.25, 1.0, 0.0, 0.0, 0.3031055900621118, 0.4230769230769231, 0.5357142857142857, 0.0, 1.0
0.3, 0.4, 0.5, 1.0, 0.0, 0.0, 0.31552795031055897, 0.36538461538461536, 0.5571428571428572, 0.0, 1.0
0.3, 0.4, 0.75, 1.0, 0.0, 0.0, 0.3279503105590062, 0.3076923076923077, 0.5785714285714286, 0.0, 1.0
0.3, 0.4, 1.0, 1.0, 0.0, 0.0, 0.3403726708074534, 0.25, 0.6, 0.0, 1.0
0.3, 0.6, 0.0, 0.0, 1.0, 0.0, 0.28695652173913044, 0.5192307692307693, 0.36428571428571427, 1.0, 0.0
0.3, 0.6, 0.25, 0.0, 1.0, 0.0, 0.29937888198757767, 0.46153846153846156, 0.4357142857142857, 1.0, 0.0
0.3, 0.6, 0.5, 1.0, 0.0, 0.0, 0.31180124223602484, 0.40384615384615385, 0.5571428571428572, 0.0, 1.0
0.3, 0.6, 0.75, 0.0, 0.0, 1.0, 0.3242236024844721, 0.34615384615384615, 0.2571428571428571, 0.0, 1.0
0.3, 0.6, 1.0, 0.0, 1.0, 0.0, 0.33664596273291925, 0.28846153846153844, 0.65, 0.0, 1.0
0.3, 0.8, 0.0, 0.0, 0.0, 1.0, 0.28322981366459626, 0.5576923076923077, 0.15, 1.0, 0.0
0.3, 0.8, 0.25, 0.0, 1.0, 0.0, 0.29565217391304344, 0.5, 0.4357142857142857, 1.0, 0.0
0.3, 0.8, 0.5, 0.0, 0.0, 1.0, 0.30807453416149067, 0.4423076923076923, 0.22142857142857142, 1.0, 0.0
0.3, 0.8, 0.75, 1.0, 0.0, 0.0, 0.32049689440993784, 0.38461538461538464, 0.5785714285714286, 0.0, 1.0
0.3, 0.8, 1.0, 0.0, 1.0, 0.0, 0.33291925465838507, 0.3269230769230769, 0.65, 0.0, 1.0
0.3, 1.0, 0.0, 0.0, 0.0, 1.0, 0.2795031055900621, 0.5961538461538461, 0.15, 1.0, 0.0
0.3, 1.0, 0.25, 0.0, 0.0, 1.0, 0.2919254658385093, 0.5384615384615384, 0.18571428571428572, 1.0, 0.0
0.3, 1.0, 0.5, 0.0, 0.0, 1.0, 0.30434782608695654, 0.4807692307692308, 0.22142857142857142, 1.0, 0.0
0.3, 1.0, 0.75, 0.0, 1.0, 0.0, 0.3167701863354037, 0.4230769230769231, 0.5785714285714286, 0.0, 1.0
0.3, 1.0, 1.0, 0.0, 0.0, 1.0, 0.32919254658385094, 0.36538461538461536, 0.29285714285714287, 0.0, 1.0
0.4, 0.0, 0.0, 0.0, 0.0, 1.0, 0.391304347826087, 0.46153846153846156, 0.12857142857142856, 0.0, 1.0
0.4, 0.0, 0.25, 0.0, 1.0, 0.0, 0.40372670807453415, 0.40384615384615385, 0.44285714285714284, 0.0, 1.0
0.4, 0.0, 0.5, 1.0, 0.0, 0.0, 0.4161490683229814, 0.34615384615384615, 0.6142857142857143, 0.0, 1.0
0.4, 0.0, 0.75, 1.0, 0.0, 0.0, 0.42857142857142855, 0.28846153846153844, 0.6357142857142857, 0.0, 1.0
0.4, 0.0, 1.0, 0.0, 0.0, 1.0, 0.4409937888198758, 0.23076923076923078, 0.2714285714285714, 0.0, 1.0
0.4, 0.2, 0.0, 0.0, 0.0, 1.0, 0.38757763975155285, 0.5, 0.12857142857142856, 1.0, 0.0
0.4, 0.2, 0.25, 0.0, 0.0, 1.0, 0.4, 0.4423076923076923, 0.16428571428571428, 0.0, 1.0
0.4, 0.2, 0.5, 0.0, 1.0, 0.0, 0.41242236024844725, 0.38461538461538464, 0.5142857142857142, 0.0, 1.0
0.4, 0.2, 0.75, 0.0, 0.0, 1.0, 0.4248447204968944, 0.3269230769230769, 0.2357142857142857, 0.0, 1.0
0.4, 0.2, 1.0, 0.0, 0.0, 1.0, 0.43726708074534165, 0.2692307692307692, 0.2714285714285714, 0.0, 1.0
0.4, 0.4, 0.0, 0.0, 0.0, 1.0, 0.3838509316770186, 0.5384615384615384, 0.12857142857142856, 1.0, 0.0
0.4, 0.4, 0.25, 0.0, 1.0, 0.0, 0.39627329192546584, 0.4807692307692308, 0.44285714285714284, 0.0, 1.0
0.4, 0.4, 0.5, 1.0, 0.0, 0.0, 0.408695652173913, 0.4230769230769231, 0.6142857142857143, 0.0, 1.0
0.4, 0.4, 0.75, 0.0, 0.0, 1.0, 0.42111801242236024, 0.36538461538461536, 0.2357142857142857, 0.0, 1.0
0.4, 0.4, 1.0, 0.0, 0.0, 1.0, 0.4335403726708074, 0.3076923076923077, 0.2714285714285714, 0.0, 1.0
0.4, 0.6, 0.0, 1.0, 0.0, 0.0, 0.3801242236024845, 0.5769230769230769, 0.5714285714285714, 1.0, 0.0
0.4, 0.6, 0.25, 1.0, 0.0, 0.0, 0.3925465838509317, 0.5192307692307693, 0.5928571428571429, 1.0, 0.0
0.4, 0.6, 0.5, 0.0, 1.0, 0.0, 0.4049689440993789, 0.46153846153846156, 0.5142857142857142, 0.0, 1.0
0.4, 0.6, 0.75, 1.0, 0.0, 0.0, 0.4173913043478261, 0.40384615384615385, 0.6357142857142857, 0.0, 1.0
0.4, 0.6, 1.0, 0.0, 0.0, 1.0, 0.4298136645962733, 0.34615384615384615, 0.2714285714285714, 0.0, 1.0
0.4, 0.8, 0.0, 0.0, 1.0, 0.0, 0.37639751552795025, 0.6153846153846154, 0.37142857142857144, 1.0, 0.0
0.4, 0.8, 0.25, 0.0, 1.0, 0.0, 0.3888198757763975, 0.5576923076923077, 0.44285714285714284, 1.0, 0.0
0.4, 0.8, 0.5, 0.0, 1.0, 0.0, 0.4012422360248447, 0.5, 0.5142857142857142, 0.0, 1.0
0.4, 0.8, 0.75, 0.0, 1.0, 0.0, 0.4136645962732919, 0.4423076923076923, 0.5857142857142857, 0.0, 1.0
0.4, 0.8, 1.0, 1.0, 0.0, 0.0, 0.4260869565217391, 0.38461538461538464, 0.6571428571428571, 0.0, 1.0
0.4, 1.0, 0.0, 0.0, 1.0, 0.0, 0.37267080745341613, 0.6538461538461539, 0.37142857142857144, 1.0, 0.0
0.4, 1.0, 0.25, 1.0, 0.0, 0.0, 0.38509316770186336, 0.5961538461538461, 0.5928571428571429, 1.0, 0.0
0.4, 1.0, 0.5, 1.0, 0.0, 0.0, 0.39751552795031053, 0.5384615384615384, 0.6142857142857143, 1.0, 0.0
0.4, 1.0, 0.75, 0.0, 0.0, 1.0, 0.40993788819875776, 0.4807692307692308, 0.2357142857142857, 0.0, 1.0
0.4, 1.0, 1.0, 1.0, 0.0, 0.0, 0.422360248447205, 0.4230769230769231, 0.6571428571428571, 0.0, 1.0
0.5, 0.0, 0.0, 1.0, 0.0, 0.0, 0.484472049689441, 0.5192307692307693, 0.6285714285714286, 0.0, 1.0
0.5, 0.0, 0.25, 0.0, 0.0, 1.0, 0.4968944099378882, 0.46153846153846156, 0.14285714285714285, 0.0, 1.0
0.5, 0.0, 0.5, 0.0, 1.0, 0.0, 0.5093167701863354, 0.40384615384615385, 0.5214285714285715, 0.0, 1.0
0.5, 0.0, 0.75, 0.0, 0.0, 1.0, 0.5217391304347826, 0.34615384615384615, 0.21428571428571427, 0.0, 1.0
0.5, 0.0, 1.0, 0.0, 1.0, 0.0, 0.5341614906832298, 0.28846153846153844, 0.6642857142857143, 0.0, 1.0
0.5, 0.2, 0.0, 1.0, 0.0, 0.0, 0.48074534161490684, 0.5576923076923077, 0.6285714285714286, 0.0, 1.0
0.5, 0.2, 0.25, 1.0, 0.0, 0.0, 0.49316770186335407, 0.5, 0.65, 0.0, 1.0
0.5, 0.2, 0.5, 0.0, 0.0, 1.0, 0.5055900621118012, 0.4423076923076923, 0.17857142857142858, 0.0, 1.0
0.5, 0.2, 0.75, 0.0, 1.0, 0.0, 0.5180124223602485, 0.38461538461538464, 0.5928571428571429, 0.0, 1.0
0.5, 0.2, 1.0, 1.0, 0.0, 0.0, 0.5304347826086957, 0.3269230769230769, 0.7142857142857143, 0.0, 1.0
0.5, 0.4, 0.0, 0.0, 1.0, 0.0, 0.47701863354037266, 0.5961538461538461, 0.37857142857142856, 1.0, 0.0
0.5, 0.4, 0.25, 1.0, 0.0, 0.0, 0.48944099378881983, 0.5384615384615384, 0.65, 0.0, 1.0
0.5, 0.4, 0.5, 1.0, 0.0, 0.0, 0.5018633540372671, 0.4807692307692308, 0.6714285714285714, 0.0, 1.0
0.5, 0.4, 0.75, 1.0, 0.0, 0.0, 0.5142857142857142, 0.4230769230769231, 0.6928571428571428, 0.0, 1.0
0.5, 0.4, 1.0, 0.0, 1.0, 0.0, 0.5267080745341615, 0.36538461538461536, 0.6642857142857143, 0.0, 1.0
0.5, 0.6, 0.0, 0.0, 0.0, 1.0, 0.47329192546583854, 0.6346153846153846, 0.10714285714285714, 1.0, 0.0
0.5, 0.6, 0.25, 0.0, 0.0, 1.0, 0.4857142857142857, 0.5769230769230769, 0.14285714285714285, 1.0, 0.0
0.5, 0.6, 0.5, 0.0, 1.0, 0.0, 0.49813664596273294, 0.5192307692307693, 0.5214285714285715, 0.0, 1.0
0.5, 0.6, 0.75, 0.0, 1.0, 0.0, 0.5105590062111801, 0.46153846153846156, 0.5928571428571429, 0.0, 1.0
0.5, 0.6, 1.0, 0.0, 1.0, 0.0, 0.5229813664596273, 0.40384615384615385, 0.6642857142857143, 0.0, 1.0
0.5, 0.8, 0.0, 1.0, 0.0, 0.0, 0.4695652173913043, 0.6730769230769231, 0.6285714285714286, 1.0, 0.0
0.5, 0.8, 0.25, 0.0, 0.0, 1.0, 0.48198757763975153, 0.6153846153846154, 0.14285714285714285, 1.0, 0.0
0.5, 0.8, 0.5, 0.0, 0.0, 1.0, 0.4944099378881987, 0.5576923076923077, 0.17857142857142858, 0.0, 1.0
0.5, 0.8, 0.75, 0.0, 1.0, 0.0, 0.5068322981366459, 0.5, 0.5928571428571429, 0.0, 1.0
0.5, 0.8, 1.0, 0.0, 1.0, 0.0, 0.5192546583850931, 0.4423076923076923, 0.6642857142857143, 0.0, 1.0
0.5, 1.0, 0.0, 0.0, 0.0, 1.0, 0.4658385093167702, 0.7115384615384616, 0.10714285714285714, 1.0, 0.0
0.5, 1.0, 0.25, 0.0, 0.0, 1.0, 0.4782608695652174, 0.6538461538461539, 0.14285714285714285, 1.0, 0.0
0.5, 1.0, 0.5, 0.0, 0.0, 1.0, 0.4906832298136646, 0.5961538461538461, 0.17857142857142858, 1.0, 0.0
0.5, 1.0, 0.75, 1.0, 0.0, 0.0, 0.5031055900621118, 0.5384615384615384, 0.6928571428571428, 0.0, 1.0
0.5, 1.0, 1.0, 0.0, 0.0, 1.0, 0.515527950310559, 0.4807692307692308, 0.25, 0.0, 1.0
0.6, 0.0, 0.0, 0.0, 1.0, 0.0, 0.577639751552795, 0.5769230769230769, 0.38571428571428573, 0.0, 1.0
0.6, 0.0, 0.25, 0.0, 1.0, 0.0, 0.5900621118012422, 0.5192307692307693, 0.45714285714285713, 0.0, 1.0
0.6, 0.0, 0.5, 0.0, 1.0, 0.0, 0.6024844720496895, 0.46153846153846156, 0.5285714285714286, 0.0, 1.0
0.6, 0.0, 0.75, 0.0, 0.0, 1.0, 0.6149068322981367, 0.40384615384615385, 0.19285714285714287, 0.0, 1.0
0.6, 0.0, 1.0, 0.0, 0.0, 1.0, 0.6273291925465838, 0.34615384615384615, 0.22857142857142856, 0.0, 1.0
0.6, 0.2, 0.0, 0.0, 1.0, 0.0, 0.5739130434782609, 0.6153846153846154, 0.38571428571428573, 0.0, 1.0
0.6, 0.2, 0.25, 1.0, 0.0, 0.0, 0.5863354037267081, 0.5576923076923077, 0.7071428571428572, 0.0, 1.0
0.6, 0.2, 0.5, 0.0, 0.0, 1.0, 0.5987577639751553, 0.5, 0.15714285714285714, 0.0, 1.0
0.6, 0.2, 0.75, 0.0, 1.0, 0.0, 0.6111801242236026, 0.4423076923076923, 0.6, 0.0, 1.0
0.6, 0.2, 1.0, 0.0, 1.0, 0.0, 0.6236024844720497, 0.38461538461538464, 0.6714285714285714, 0.0, 1.0
0.6, 0.4, 0.0, 1.0, 0.0, 0.0, 0.5701863354037267, 0.6538461538461539, 0.6857142857142857, 1.0, 0.0
0.6, 0.4, 0.25, 0.0, 1.0, 0.0, 0.5826086956521739, 0.5961538461538461, 0.45714285714285713, 0.0, 1.0
0.6, 0.4, 0.5, 1.0, 0.0, 0.0, 0.5950310559006211, 0.5384615384615384, 0.7285714285714285, 0.0, 1.0
0.6, 0.4, 0.75, 0.0, 0.0, 1.0, 0.6074534161490683, 0.4807692307692308, 0.19285714285714287, 0.0, 1.0
0.6, 0.4, 1.0, 1.0, 0.0, 0.0, 0.6198757763975156, 0.4230769230769231, 0.7714285714285715, 0.0, 1.0
0.6, 0.6, 0.0, 0.0, 1.0, 0.0, 0.5664596273291925, 0.6923076923076923, 0.38571428571428573, 1.0, 0.0
0.6, 0.6, 0.25, 0.0, 0.0, 1.0, 0.5788819875776398, 0.6346153846153846, 0.12142857142857143, 0.0, 1.0
0.6, 0.6, 0.5, 0.0, 1.0, 0.0, 0.591304347826087, 0.5769230769230769, 0.5285714285714286, 0.0, 1.0
0.6, 0.6, 0.75, 0.0, 1.0, 0.0, 0.6037267080745342, 0.5192307692307693, 0.6, 0.0, 1.0
0.6, 0.6, 1.0, 1.0, 0.0, 0.0, 0.6161490683229813, 0.46153846153846156, 0.7714285714285715, 0.0, 1.0
0.6, 0.8, 0.0, 1.0, 0.0, 0.0, 0.5627329192546584, 0.7307692307692307, 0.6857142857142857, 1.0, 0.0
0.6, 0.8, 0.25, 0.0, 0.0, 1.0, 0.5751552795031055, 0.6730769230769231, 0.12142857142857143, 1.0, 0.0
0.6, 0.8, 0.5, 0.0, 1.0, 0.0, 0.5875776397515527, 0.6153846153846154, 0.5285714285714286, 0.0, 1.0
0.6, 0.8, 0.75, 0.0, 1.0, 0.0, 0.6, 0.5576923076923077, 0.6, 0.0, 1.0
0.6, 0.8, 1.0, 1.0, 0.0, 0.0, 0.6124223602484472, 0.5, 0.7714285714285715, 0.0, 1.0
0.6, 1.0, 0.0, 0.0, 0.0, 1.0, 0.5590062111801242, 0.7692307692307693, 0.08571428571428572, 1.0, 0.0
0.6, 1.0, 0.25, 0.0, 1.0, 0.0, 0.5714285714285714, 0.7115384615384616, 0.45714285714285713, 1.0, 0.0
0.6, 1.0, 0.5, 1.0, 0.0, 0.0, 0.5838509316770186, 0.6538461538461539, 0.7285714285714285, 0.0, 1.0
0.6, 1.0, 0.75, 1.0, 0.0, 0.0, 0.5962732919254659, 0.5961538461538461, 0.75, 0.0, 1.0
0.6, 1.0, 1.0, 0.0, 1.0, 0.0, 0.6086956521739131, 0.5384615384615384, 0.6714285714285714, 0.0, 1.0
0.7, 0.0, 0.0, 0.0, 0.0, 1.0, 0.6708074534161491, 0.6346153846153846, 0.06428571428571428, 0.0, 1.0
0.7, 0.0, 0.25, 1.0, 0.0, 0.0, 0.6832298136645962, 0.5769230769230769, 0.7642857142857142, 0.0, 1.0
0.7, 0.0, 0.5, 1.0, 0.0, 0.0, 0.6956521739130435, 0.5192307692307693, 0.7857142857142857, 0.0, 1.0
0.7, 0.0, 0.75, 0.0, 0.0, 1.0, 0.7080745341614907, 0.46153846153846156, 0.17142857142857143, 0.0, 1.0
0.7, 0.0, 1.0, 0.0, 0.0, 1.0, 0.7204968944099379, 0.40384615384615385, 0.20714285714285716, 0.0, 1.0
0.7, 0.2, 0.0, 0.0, 0.0, 1.0, 0.667080745341615, 0.6730769230769231, 0.06428571428571428, 0.0, 1.0
0.7, 0.2, 0.25, 0.0, 1.0, 0.0, 0.6795031055900621, 0.6153846153846154, 0.4642857142857143, 0.0, 1.0
0.7, 0.2, 0.5, 0.0, 0.0, 1.0, 0.6919254658385093, 0.5576923076923077, 0.1357142857142857, 0.0, 1.0
0.7, 0.2, 0.75, 1.0, 0.0, 0.0, 0.7043478260869566, 0.5, 0.8071428571428572, 0.0, 1.0
0.7, 0.2, 1.0, 1.0, 0.0, 0.0, 0.7167701863354038, 0.4423076923076923, 0.8285714285714286, 0.0, 1.0
0.7, 0.4, 0.0, 0.0, 1.0, 0.0, 0.6633540372670809, 0.7115384615384616, 0.39285714285714285, 0.0, 1.0
0.7, 0.4, 0.25, 0.0, 0.0, 1.0, 0.675776397515528, 0.6538461538461539, 0.1, 0.0, 1.0
0.7, 0.4, 0.5, 0.0, 1.0, 0.0, 0.6881987577639752, 0.5961538461538461, 0.5357142857142857, 0.0, 1.0
0.7, 0.4, 0.75, 0.0, 0.0, 1.0, 0.7006211180124224, 0.5384615384615384, 0.17142857142857143, 0.0, 1.0
0.7, 0.4, 1.0, 0.0, 0.0, 1.0, 0.7130434782608697, 0.4807692307692308, 0.20714285714285716, 0.0, 1.0
0.7, 0.6, 0.0, 1.0, 0.0, 0.0, 0.6596273291925465, 0.75, 0.7428571428571429, 1.0, 0.0
0.7, 0.6, 0.25, 0.0, 1.0, 0.0, 0.6720496894409937, 0.6923076923076923, 0.4642857142857143, 0.0, 1.0
0.7, 0.6, 0.5, 0.0, 1.0, 0.0, 0.684472049689441, 0.6346153846153846, 0.5357142857142857, 0.0, 1.0
0.7, 0.6, 0.75, 1.0, 0.0, 0.0, 0.6968944099378881, 0.5769230769230769, 0.8071428571428572, 0.0, 1.0
0.7, 0.6, 1.0, 0.0, 0.0, 1.0, 0.7093167701863353, 0.5192307692307693, 0.20714285714285716, 0.0, 1.0
0.7, 0.8, 0.0, 1.0, 0.0, 0.0, 0.6559006211180124, 0.7884615384615384, 0.7428571428571429, 1.0, 0.0
0.7, 0.8, 0.25, 1.0, 0.0, 0.0, 0.6683229813664596, 0.7307692307692307, 0.7642857142857142, 1.0, 0.0
0.7, 0.8, 0.5, 1.0, 0.0, 0.0, 0.6807453416149069, 0.6730769230769231, 0.7857142857142857, 0.0, 1.0
0.7, 0.8, 0.75, 1.0, 0.0, 0.0, 0.693167701863354, 0.6153846153846154, 0.8071428571428572, 0.0, 1.0
0.7, 0.8, 1.0, 0.0, 1.0, 0.0, 0.7055900621118012, 0.5576923076923077, 0.6785714285714286, 0.0, 1.0
0.7, 1.0, 0.0, 0.0, 0.0, 1.0, 0.6521739130434783, 0.8269230769230769, 0.06428571428571428, 1.0, 0.0
0.7, 1.0, 0.25, 0.0, 0.0, 1.0, 0.6645962732919255, 0.7692307692307693, 0.1, 1.0, 0.0
0.7, 1.0, 0.5, 0.0, 1.0, 0.0, 0.6770186335403726, 0.7115384615384616, 0.5357142857142857, 0.0, 1.0
0.7, 1.0, 0.75, 0.0, 0.0, 1.0, 0.6894409937888198, 0.6538461538461539, 0.17142857142857143, 0.0, 1.0
0.7, 1.0, 1.0, 1.0, 0.0, 0.0, 0.7018633540372671, 0.5961538461538461, 0.8285714285714286, 0.0, 1.0
0.8, 0.0, 0.0, 1.0, 0.0, 0.0, 0.7639751552795031, 0.6923076923076923, 0.8, 0.0, 1.0
0.8, 0.0, 0.25, 0.0, 0.0, 1.0, 0.7763975155279503, 0.6346153846153846, 0.07857142857142857, 0.0, 1.0
0.8, 0.0, 0.5, 0.0, 1.0, 0.0, 0.7888198757763976, 0.5769230769230769, 0.5428571428571428, 0.0, 1.0
0.8, 0.0, 0.75, 0.0, 1.0, 0.0, 0.8012422360248447, 0.5192307692307693, 0.6142857142857143, 0.0, 1.0
0.8, 0.0, 1.0, 0.0, 1.0, 0.0, 0.8136645962732919, 0.46153846153846156, 0.6857142857142857, 0.0, 1.0
0.8, 0.2, 0.0, 0.0, 1.0, 0.0, 0.760248447204969, 0.7307692307692307, 0.4, 0.0, 1.0
0.8, 0.2, 0.25, 0.0, 0.0, 1.0, 0.7726708074534162, 0.6730769230769231, 0.07857142857142857, 0.0, 1.0
0.8, 0.2, 0.5, 0.0, 0.0, 1.0, 0.7850931677018634, 0.6153846153846154, 0.11428571428571428, 0.0, 1.0
0.8, 0.2, 0.75, 1.0, 0.0, 0.0, 0.7975155279503106, 0.5576923076923077, 0.8642857142857143, 0.0, 1.0
0.8, 0.2, 1.0, 0.0, 1.0, 0.0, 0.8099378881987578, 0.5, 0.6857142857142857, 0.0, 1.0
0.8, 0.4, 0.0, 0.0, 1.0, 0.0, 0.7565217391304349, 0.7692307692307693, 0.4, 0.0, 1.0
0.8, 0.4, 0.25, 0.0, 1.0, 0.0, 0.7689440993788821, 0.7115384615384616, 0.4714285714285714, 0.0, 1.0
0.8, 0.4, 0.5, 0.0, 0.0, 1.0, 0.7813664596273293, 0.6538461538461539, 0.11428571428571428, 0.0, 1.0
0.8, 0.4, 0.75, 0.0, 1.0, 0.0, 0.7937888198757764, 0.5961538461538461, 0.6142857142857143, 0.0, 1.0
0.8, 0.4, 1.0, 1.0, 0.0, 0.0, 0.8062111801242237, 0.5384615384615384, 0.8857142857142857, 0.0, 1.0
0.8, 0.6, 0.0, 0.0, 1.0, 0.0, 0.7527950310559005, 0.8076923076923077, 0.4, 1.0, 0.0
0.8, 0.6, 0.25, 0.0, 1.0, 0.0, 0.7652173913043477, 0.75, 0.4714285714285714, 0.0, 1.0
0.8, 0.6, 0.5, 0.0, 1.0, 0.0, 0.777639751552795, 0.6923076923076923, 0.5428571428571428, 0.0, 1.0
0.8, 0.6, 0.75, 0.0, 1.0, 0.0, 0.7900621118012422, 0.6346153846153846, 0.6142857142857143, 0.0, 1.0
0.8, 0.6, 1.0, 1.0, 0.0, 0.0, 0.8024844720496894, 0.5769230769230769, 0.8857142857142857, 0.0, 1.0
0.8, 0.8, 0.0, 0.0, 1.0, 0.0, 0.7490683229813664, 0.8461538461538461, 0.4, 1.0, 0.0
0.8, 0.8, 0.25, 0.0, 0.0, 1.0, 0.7614906832298136, 0.7884615384615384, 0.07857142857142857, 0.0, 1.0
0.8, 0.8, 0.5, 0.0, 0.0, 1.0, 0.7739130434782608, 0.7307692307692307, 0.11428571428571428, 0.0, 1.0
0.8, 0.8, 0.75, 0.0, 1.0, 0.0, 0.7863354037267081, 0.6730769230769231, 0.6142857142857143, 0.0, 1.0
0.8, 0.8, 1.0, 0.0, 1.0, 0.0, 0.7987577639751553, 0.6153846153846154, 0.6857142857142857, 0.0, 1.0
0.8, 1.0, 0.0, 0.0, 0.0, 1.0, 0.7453416149068323, 0.8846153846153846, 0.04285714285714286, 1.0, 0.0
0.8, 1.0, 0.25, 0.0, 0.0, 1.0, 0.7577639751552795, 0.8269230769230769, 0.07857142857142857, 1.0, 0.0
0.8, 1.0, 0.5, 1.0, 0.0, 0.0, 0.7701863354037267, 0.7692307692307693, 0.8428571428571429, 0.0, 1.0
0.8, 1.0, 0.75, 0.0, 0.0, 1.0, 0.782608695652174, 0.7115384615384616, 0.15, 0.0, 1.0
0.8, 1.0, 1.0, 0.0, 1.0, 0.0, 0.7950310559006211, 0.6538461538461539, 0.6857142857142857, 0.0, 1.0
0.9, 0.0, 0.0, 0.0, 1.0, 0.0, 0.8571428571428571, 0.75, 0.40714285714285714, 0.0, 1.0
0.9, 0.0, 0.25, 0.0, 1.0, 0.0, 0.8695652173913043, 0.6923076923076923, 0.4785714285714286, 0.0, 1.0
0.9, 0.0, 0.5, 0.0, 1.0, 0.0, 0.8819875776397516, 0.6346153846153846, 0.55, 0.0, 1.0
0.9, 0.0, 0.75, 1.0, 0.0, 0.0, 0.8944099378881988, 0.5769230769230769, 0.9214285714285714, 0.0, 1.0
0.9, 0.0, 1.0, 1.0, 0.0, 0.0, 0.906832298136646, 0.5192307692307693, 0.9428571428571428, 0.0, 1.0
0.9, 0.2, 0.0, 0.0, 1.0, 0.0, 0.853416149068323, 0.7884615384615384, 0.40714285714285714, 0.0, 1.0
0.9, 0.2, 0.25, 0.0, 1.0, 0.0, 0.8658385093167702, 0.7307692307692307, 0.4785714285714286, 0.0, 1.0
0.9, 0.2, 0.5, 1.0, 0.0, 0.0, 0.8782608695652174, 0.6730769230769231, 0.9, 0.0, 1.0
0.9, 0.2, 0.75, 0.0, 1.0, 0.0, 0.8906832298136647, 0.6153846153846154, 0.6214285714285714, 0.0, 1.0
0.9, 0.2, 1.0, 1.0, 0.0, 0.0, 0.9031055900621119, 0.5576923076923077, 0.9428571428571428, 0.0, 1.0
0.9, 0.4, 0.0, 0.0, 0.0, 1.0, 0.8496894409937888, 0.8269230769230769, 0.02142857142857143, 0.0, 1.0
0.9, 0.4, 0.25, 0.0, 1.0, 0.0, 0.8621118012422361, 0.7692307692307693, 0.4785714285714286, 0.0, 1.0
0.9, 0.4, 0.5, 0.0, 0.0, 1.0, 0.8745341614906833, 0.7115384615384616, 0.09285714285714286, 0.0, 1.0
0.9, 0.4, 0.75, 0.0, 0.0, 1.0, 0.8869565217391305, 0.6538461538461539, 0.12857142857142856, 0.0, 1.0
0.9, 0.4, 1.0, 0.0, 1.0, 0.0, 0.8993788819875778, 0.5961538461538461, 0.6928571428571428, 0.0, 1.0
0.9, 0.6, 0.0, 1.0, 0.0, 0.0, 0.8459627329192546, 0.8653846153846154, 0.8571428571428571, 0.0, 1.0
0.9, 0.6, 0.25, 1.0, 0.0, 0.0, 0.8583850931677018, 0.8076923076923077, 0.8785714285714286, 0.0, 1.0
0.9, 0.6, 0.5, 1.0, 0.0, 0.0, 0.870807453416149, 0.75, 0.9, 0.0, 1.0
0.9, 0.6, 0.75, 0.0, 1.0, 0.0, 0.8832298136645962, 0.6923076923076923, 0.6214285714285714, 0.0, 1.0
0.9, 0.6, 1.0, 0.0, 1.0, 0.0, 0.8956521739130434, 0.6346153846153846, 0.6928571428571428, 0.0, 1.0
0.9, 0.8, 0.0, 1.0, 0.0, 0.0, 0.8422360248447205, 0.9038461538461539, 0.8571428571428571, 1.0, 0.0
0.9, 0.8, 0.25, 0.0, 1.0, 0.0, 0.8546583850931677, 0.8461538461538461, 0.4785714285714286, 0.0, 1.0
0.9, 0.8, 0.5, 0.0, 0.0, 1.0, 0.8670807453416148, 0.7884615384615384, 0.09285714285714286, 0.0, 1.0
0.9, 0.8, 0.75, 0.0, 1.0, 0.0, 0.8795031055900621, 0.7307692307692307, 0.6214285714285714, 0.0, 1.0
0.9, 0.8, 1.0, 0.0, 0.0, 1.0, 0.8919254658385093, 0.6730769230769231, 0.16428571428571428, 0.0, 1.0
0.9, 1.0, 0.0, 0.0, 0.0, 1.0, 0.8385093167701864, 0.9423076923076923, 0.02142857142857143, 1.0, 0.0
0.9, 1.0, 0.25, 0.0, 1.0, 0.0, 0.8509316770186336, 0.8846153846153846, 0.4785714285714286, 1.0, 0.0
0.9, 1.0, 0.5, 0.0, 1.0, 0.0, 0.8633540372670807, 0.8269230769230769, 0.55, 0.0, 1.0
0.9, 1.0, 0.75, 0.0, 1.0, 0.0, 0.8757763975155279, 0.7692307692307693, 0.6214285714285714, 0.0, 1.0
0.9, 1.0, 1.0, 0.0, 0.0, 1.0, 0.8881987577639752, 0.7115384615384616, 0.16428571428571428, 0.0, 1.0
1.0, 0.0, 0.0, 0.0, 1.0, 0.0, 0.9503105590062112, 0.8076923076923077, 0.4142857142857143, 0.0, 1.0
1.0, 0.0, 0.25, 0.0, 1.0, 0.0, 0.9627329192546584, 0.75, 0.4857142857142857, 0.0, 1.0
1.0, 0.0, 0.5, 1.0, 0.0, 0.0, 0.9751552795031055, 0.6923076923076923, 0.9571428571428572, 0.0, 1.0
1.0, 0.0, 0.75, 0.0, 1.0, 0.0, 0.9875776397515528, 0.6346153846153846, 0.6285714285714286, 0.0, 1.0
1.0, 0.0, 1.0, 0.0, 0.0, 1.0, 1.0, 0.5769230769230769, 0.14285714285714285, 0.0, 1.0
1.0, 0.2, 0.0, 0.0, 1.0, 0.0, 0.9465838509316771, 0.8461538461538461, 0.4142857142857143, 0.0, 1.0
1.0, 0.2, 0.25, 1.0, 0.0, 0.0, 0.9590062111801243, 0.7884615384615384, 0.9357142857142857, 0.0, 1.0
1.0, 0.2, 0.5, 0.0, 1.0, 0.0, 0.9714285714285714, 0.7307692307692307, 0.5571428571428572, 0.0, 1.0
1.0, 0.2, 0.75, 1.0, 0.0, 0.0, 0.9838509316770186, 0.6730769230769231, 0.9785714285714285, 0.0, 1.0
1.0, 0.2, 1.0, 1.0, 0.0, 0.0, 0.9962732919254659, 0.6153846153846154, 1.0, 0.0, 1.0
1.0, 0.4, 0.0, 1.0, 0.0, 0.0, 0.942857142857143, 0.8846153846153846, 0.9142857142857143, 0.0, 1.0
1.0, 0.4, 0.25, 1.0, 0.0, 0.0, 0.9552795031055902, 0.8269230769230769, 0.9357142857142857, 0.0, 1.0
1.0, 0.4, 0.5, 0.0, 0.0, 1.0, 0.9677018633540373, 0.7692307692307693, 0.07142857142857142, 0.0, 1.0
1.0, 0.4, 0.75, 1.0, 0.0, 0.0, 0.9801242236024845, 0.7115384615384616, 0.9785714285714285, 0.0, 1.0
1.0, 0.4, 1.0, 0.0, 0.0, 1.0, 0.9925465838509318, 0.6538461538461539, 0.14285714285714285, 0.0, 1.0
1.0, 0.6, 0.0, 0.0, 0.0, 1.0, 0.9391304347826086, 0.9230769230769231, 0.0, 0.0, 1.0
1.0, 0.6, 0.25, 0.0, 0.0, 1.0, 0.9515527950310558, 0.8653846153846154, 0.03571428571428571, 0.0, 1.0
1.0, 0.6, 0.5, 1.0, 0.0, 0.0, 0.9639751552795031, 0.8076923076923077, 0.9571428571428572, 0.0, 1.0
1.0, 0.6, 0.75, 0.0, 1.0, 0.0, 0.9763975155279503, 0.75, 0.6285714285714286, 0.0, 1.0
1.0, 0.6, 1.0, 0.0, 0.0, 1.0, 0.9888198757763974, 0.6923076923076923, 0.14285714285714285, 0.0, 1.0
1.0, 0.8, 0.0, 0.0, 0.0, 1.0, 0.9354037267080745, 0.9615384615384616, 0.0, 1.0, 0.0
1.0, 0.8, 0.25, 0.0, 1.0, 0.0, 0.9478260869565217, 0.9038461538461539, 0.4857142857142857, 0.0, 1.0
1.0, 0.8, 0.5, 1.0, 0.0, 0.0, 0.9602484472049689, 0.8461538461538461, 0.9571428571428572, 0.0, 1.0
1.0, 0.8, 0.75, 0.0, 0.0, 1.0, 0.9726708074534162, 0.7884615384615384, 0.10714285714285714, 0.0, 1.0
1.0, 0.8, 1.0, 0.0, 0.0, 1.0, 0.9850931677018633, 0.7307692307692307, 0.14285714285714285, 0.0, 1.0
1.0, 1.0, 0.0, 1.0, 0.0, 0.0, 0.9316770186335404, 1.0, 0.9142857142857143, 1.0, 0.0
1.0, 1.0, 0.25, 0.0, 0.0, 1.0, 0.9440993788819876, 0.9423076923076923, 0.03571428571428571, 0.0, 1.0
1.0, 1.0, 0.5, 1.0, 0.0, 0.0, 0.9565217391304348, 0.8846153846153846, 0.9571428571428572, 0.0, 1.0
1.0, 1.0, 0.75, 0.0, 1.0, 0.0, 0.968944099378882, 0.8269230769230769, 0.6285714285714286, 0.0, 1.0
1.0, 1.0, 1.0, 0.0, 0.0, 1.0, 0.9813664596273292, 0.7692307692307693, 0.14285714285714285, 0.0, 1.0
