Data 0, Predicted 0, Data 1, Predicted 1, Data 2, Predicted 2, Data 3, Predicted 3
0.014906832298136637, 0.08270994642016558, 0.057692307692307696, 0.1547568157564981, 0.06428571428571428, 0.10005881198412403, 0.5, 0.4999999622133861
0.019875776397515525, 0.08581902126286191, 0.11538461538461539, 0.15829467403331465, 0.03571428571428571, 0.10067342103456345, 0.5, 0.49999979705240216
0.018633540372670808, 0.08623050156279424, 0.11538461538461539, 0.162377462480534, 0.06428571428571428, 0.1031994867122645, 0.5, 0.4999999348044473
0.024844720496894408, 0.08685156681925899, 0.038461538461538464, 0.16723595898549495, 0.10714285714285714, 0.10559514038025007, 0.5, 0.4999999239595063
0.032298136645962754, 0.09644094237063876, 0.09615384615384616, 0.16942207791772906, 0.06428571428571428, 0.10598336754099966, 0.5, 0.4999998795570256
0.037267080745341616, 0.10023437342684093, 0.07692307692307693, 0.17340157728097805, 0.19285714285714287, 0.10665724320550504, 0.5, 0.5000000047889464
0.04099378881987579, 0.1013452261707447, 0.17307692307692307, 0.1895393451146115, 0.04285714285714286, 0.10867289889931885, 0.5, 0.49999967951211466
0.027329192546583843, 0.106237999622737, 0.15384615384615385, 0.1898871079591473, 0.08571428571428572, 0.10913634654948648, 0.5, 0.4999999408147475
0.11304347826086958, 0.10858334946089336, 0.1346153846153846, 0.19369516267079454, 0.10714285714285714, 0.10965999258946893, 0.5, 0.49999987960431325
0.0, 0.10937632324036903, 0.09615384615384616, 0.19901551700498352, 0.15, 0.10986486777077141, 0.5, 0.4999998508368725
0.1167701863354037, 0.10943683228855872, 0.057692307692307696, 0.2010312749812023, 0.0, 0.11034835539515202, 0.5, 0.5000000172619866
0.10807453416149067, 0.10977066902017266, 0.17307692307692307, 0.2011238637018321, 0.21428571428571427, 0.1103625102637114, 0.5, 0.49999980308633246
0.11180124223602485, 0.10987540336587205, 0.19230769230769232, 0.2019282128172332, 0.15, 0.11182479367534169, 0.5, 0.49999995511113443
0.1043478260869565, 0.11058993963734214, 0.17307692307692307, 0.20215136723279775, 0.1, 0.11297109580097227, 0.5, 0.5000000166989581
0.016149068322981377, 0.11179519925573239, 0.17307692307692307, 0.2024810635183946, 0.02142857142857143, 0.11345564412377485, 0.5, 0.4999999172698995
0.023602484472049694, 0.116509319445484, 0.11538461538461539, 0.2043350681253589, 0.12857142857142856, 0.11348256815356768, 0.5, 0.4999998276249583
0.0074534161490683185, 0.11667572733767669, 0.15384615384615385, 0.2061330816391426, 0.14285714285714285, 0.11403837245503215, 0.5, 0.4999996896290425
0.13043478260869565, 0.11679481348603762, 0.23076923076923078, 0.20980295549945363, 0.1, 0.11465979799955718, 0.5, 0.49999971147898464
0.044720496894409954, 0.12062818101577198, 0.1346153846153846, 0.212018877330031, 0.07857142857142857, 0.11493313341741153, 0.5, 0.4999997478380616
0.12049689440993788, 0.12163863198908044, 0.15384615384615385, 0.21400158804754363, 0.07857142857142857, 0.11616305222379057, 0.5, 0.5000000286342083
0.049689440993788817, 0.12294145974633347, 0.15384615384615385, 0.21479337002202306, 0.09285714285714286, 0.11650691801357425, 0.5, 0.49999994872948966
0.0037267080745341705, 0.1260708625387187, 0.21153846153846154, 0.21481643066093783, 0.07857142857142857, 0.11678416236606434, 0.5, 0.49999982846504076
0.011180124223602489, 0.1278130759393362, 0.21153846153846154, 0.22127869067519604, 0.19285714285714287, 0.11695981097888211, 0.5, 0.4999999272910995
0.043478260869565216, 0.12927903531589874, 0.19230769230769232, 0.22153992972680348, 0.11428571428571428, 0.11721358976532581, 0.5, 0.4999996942968281
0.03602484472049688, 0.12932600715949094, 0.19230769230769232, 0.22276283568402191, 0.07857142857142857, 0.11751215498265291, 0.5, 0.4999998295060147
0.10559006211180125, 0.13350063655705954, 0.25, 0.2237242708764595, 0.21428571428571427, 0.11877884259621695, 0.5, 0.5000000845196827
0.12546583850931678, 0.13498235956334861, 0.23076923076923078, 0.2303975589217414, 0.0, 0.1187818802279513, 0.5, 0.4999999118943286
0.05714285714285716, 0.13615010203380282, 0.21153846153846154, 0.2321051761601998, 0.18571428571428572, 0.12054897452068276, 0.5, 0.49999983678819154
0.05341614906832299, 0.13632452703821019, 0.28846153846153844, 0.2334082976815055, 0.12142857142857143, 0.12174001361262089, 0.5, 0.4999998432706646
0.11801242236024845, 0.13769217727446656, 0.3076923076923077, 0.23433254844180312, 0.07142857142857142, 0.12258521333786872, 0.5, 0.4999997063020053
0.012422360248447204, 0.13879228543937241, 0.23076923076923078, 0.23434277585075936, 0.11428571428571428, 0.1254022188275365, 0.5, 0.49999996846779976
0.14285714285714285, 0.14184619832490042, 0.19230769230769232, 0.23877809590070947, 0.14285714285714285, 0.12581342944076412, 0.5, 0.500000089110005
0.055900621118012424, 0.14288364900476408, 0.25, 0.24175790514093576, 0.12857142857142856, 0.12641442621661292, 0.5, 0.5000001214319267
0.12173913043478261, 0.14429796382011353, 0.2692307692307692, 0.24459616463626255, 0.03571428571428571, 0.12818350965254302, 0.5, 0.4999998091586532
0.05217391304347825, 0.14566388872057628, 0.25, 0.24700632361914657, 0.17142857142857143, 0.12890512621540076, 0.5, 0.49999961642794377
0.10062111801242238, 0.1478305602118847, 0.23076923076923078, 0.24707617580009705, 0.12857142857142856, 0.13095185611253451, 0.5, 0.49999944217538195
0.1291925465838509, 0.14795753429260722, 0.23076923076923078, 0.24749695613685044, 0.14285714285714285, 0.13155216361797892, 0.5, 0.5000001010131752
0.03975155279503105, 0.15077132771715, 0.2692307692307692, 0.25001630363297345, 0.20714285714285716, 0.1341160065274237, 0.5, 0.49999984744847986
0.09316770186335403, 0.15746908312514912, 0.28846153846153844, 0.25038795990098783, 0.15, 0.13504446996503552, 0.5, 0.49999963211245924
0.20496894409937888, 0.15823043596634212, 0.23076923076923078, 0.2504016055497577, 0.10714285714285714, 0.13803573632177507, 0.5, 0.49999989382435744
0.060869565217391286, 0.15883350896034987, 0.25, 0.25043254286360533, 0.17857142857142858, 0.1492547641676891, 0.5, 0.4999998521765335
0.2111801242236025, 0.16007972725238798, 0.21153846153846154, 0.25137961965899297, 0.25, 0.1515070596854152, 0.5, 0.5000001375804901
0.13416149068322983, 0.16272342665565107, 0.2692307692307692, 0.2520004587056819, 0.17142857142857143, 0.15400021435028557, 0.5, 0.5000000750281198
0.12422360248447205, 0.16683461633500477, 0.17307692307692307, 0.25231967256089816, 0.20714285714285716, 0.15403752048498737, 0.5, 0.5000000521399632
0.04844720496894408, 0.16710339946885364, 0.21153846153846154, 0.25263527606641784, 0.17857142857142858, 0.15430115566062788, 0.5, 0.5000000506496011
0.06459627329192545, 0.1694048343719166, 0.2692307692307692, 0.25550680795177594, 0.14285714285714285, 0.15785085957989664, 0.5, 0.5000000933146219
0.2236024844720497, 0.169531675227149, 0.2692307692307692, 0.2576680368471418, 0.16428571428571428, 0.16101035728631835, 0.5, 0.4999991908343862
0.21366459627329193, 0.1710149886147804, 0.3076923076923077, 0.26009025903527744, 0.11428571428571428, 0.16119358747663196, 0.5, 0.5000001197794814
0.19751552795031055, 0.17302152755262637, 0.3269230769230769, 0.26298705420344737, 0.1357142857142857, 0.16283243486810728, 0.5, 0.4999997433206029
0.19875776397515527, 0.1776377547911331, 0.28846153846153844, 0.2664308622881688, 0.15714285714285714, 0.16842933161844587, 0.5, 0.5000000146622096
0.13664596273291926, 0.1807621925286648, 0.25, 0.26717351279543555, 0.22142857142857142, 0.171260070181403, 0.5, 0.500000108364704
0.20248447204968945, 0.18135017993939279, 0.28846153846153844, 0.2675562731775114, 0.16428571428571428, 0.17432202227892116, 0.5, 0.4999998164288053
0.1503105590062112, 0.18171544607013557, 0.23076923076923078, 0.27079173017951447, 0.14285714285714285, 0.17471556137693156, 0.5, 0.5000001039722493
0.20621118012422363, 0.1833146864231151, 0.3076923076923077, 0.2708952486751886, 0.17857142857142858, 0.17621556203612856, 0.5, 0.49999928545721706
0.22236024844720495, 0.18350522004007158, 0.3076923076923077, 0.27391525256495675, 0.22142857142857142, 0.1838740456459158, 0.5, 0.4999995985600997
0.20993788819875775, 0.18351731437117172, 0.3269230769230769, 0.2753899064619783, 0.14285714285714285, 0.1858858519133863, 0.5, 0.49999977653163546
0.15403726708074533, 0.18539187784798436, 0.23076923076923078, 0.2779726762553411, 0.16428571428571428, 0.19190066845095358, 0.5, 0.500000019403453
0.13788819875776398, 0.18768848961929546, 0.28846153846153844, 0.28069160287582273, 0.24285714285714285, 0.1951333433125065, 0.5, 0.49999948119620125
0.14658385093167703, 0.18801569809314841, 0.3269230769230769, 0.28110138100646, 0.25, 0.1955942952488968, 0.5, 0.4999993147510479
0.22732919254658382, 0.18984175442873788, 0.38461538461538464, 0.28680121801324615, 0.17142857142857143, 0.2007025933655087, 0.5, 0.5000000931196397
0.19006211180124225, 0.1905931336939789, 0.36538461538461536, 0.2875041723882317, 0.22857142857142856, 0.20092600253488624, 0.5, 0.5000001554661543
0.21739130434782608, 0.19170610549330663, 0.3269230769230769, 0.2884708016216366, 0.19285714285714287, 0.201500739075583, 0.5, 0.4999994499644246
0.13291925465838508, 0.19504730209310225, 0.34615384615384615, 0.2890915691734711, 0.14285714285714285, 0.20278619721254973, 0.5, 0.49999967528619776
0.21863354037267083, 0.19674153883435275, 0.28846153846153844, 0.29038718860000096, 0.2857142857142857, 0.20314037997433038, 0.5, 0.49999919309804997
0.19378881987577642, 0.19886587721119836, 0.25, 0.29204296100894306, 0.14285714285714285, 0.2094250464363611, 0.5, 0.5000001989349815
0.22981366459627328, 0.20160521739592044, 0.34615384615384615, 0.29477782901858945, 0.2357142857142857, 0.2097718611482356, 0.5, 0.49999943685675197
0.14161490683229813, 0.20844571993874703, 0.38461538461538464, 0.2999439902439005, 0.20714285714285716, 0.21556463829946557, 0.5, 0.5000000751800371
0.2360248447204969, 0.21278187004230276, 0.34615384615384615, 0.30000730674430964, 0.2857142857142857, 0.215657918440381, 0.5, 0.5000002292696609
0.29068322981366457, 0.21360953510037003, 0.36538461538461536, 0.30271451890764606, 0.2642857142857143, 0.21728164188548071, 0.5, 0.4999996821628194
0.14906832298136646, 0.2211297162481027, 0.3076923076923077, 0.3050200452692253, 0.2642857142857143, 0.2232418761426531, 0.5, 0.500000358775135
0.14534161490683228, 0.22361640464138025, 0.28846153846153844, 0.3100897685558173, 0.17142857142857143, 0.22805441114612113, 0.5, 0.4999992372773899
0.3031055900621118, 0.2242657320954789, 0.3076923076923077, 0.31009086517304757, 0.19285714285714287, 0.2284704992691449, 0.5, 0.5000000187767132
0.15776397515527948, 0.22488679267340134, 0.3269230769230769, 0.3117135971501653, 0.25, 0.22854188474862114, 0.5, 0.5000001602842497
0.16149068322981366, 0.23592613109171873, 0.2692307692307692, 0.3136101255888695, 0.2357142857142857, 0.2286370780893594, 0.5, 0.500000079162645
0.28322981366459626, 0.23756605986608467, 0.34615384615384615, 0.31515143602930795, 0.2571428571428571, 0.23241722094313724, 0.5, 0.499999641995056
0.29937888198757767, 0.24104616877885307, 0.34615384615384615, 0.3196928009301502, 0.21428571428571427, 0.23903740203594484, 0.5, 0.5000001255354578
0.2795031055900621, 0.24123094504529494, 0.3269230769230769, 0.32542873316827386, 0.14285714285714285, 0.243019192717966, 0.5, 0.4999989946679463
0.18633540372670807, 0.2420334599536177, 0.38461538461538464, 0.3272554516559228, 0.32142857142857145, 0.24312519092915233, 0.5, 0.4999990941462136
0.3167701863354037, 0.2445724833654989, 0.40384615384615385, 0.3333808499911719, 0.22857142857142856, 0.24597084848149087, 0.5, 0.4999997200690808
0.31180124223602484, 0.2452582384635886, 0.38461538461538464, 0.3336084147293616, 0.2357142857142857, 0.24886990603560205, 0.5, 0.5000001924468985
0.2422360248447205, 0.2459730096610235, 0.36538461538461536, 0.3377490429049389, 0.20714285714285716, 0.24929879523706533, 0.5, 0.49999979578460657
0.23105590062111803, 0.24731358192641562, 0.3076923076923077, 0.3385173126843622, 0.2642857142857143, 0.25087777626268726, 0.5, 0.49999883704076026
0.29565217391304344, 0.2473490014089006, 0.28846153846153844, 0.34243204487176415, 0.2785714285714286, 0.25744796140638215, 0.5, 0.49999925871474316
0.2919254658385093, 0.24779244771831882, 0.36538461538461536, 0.34254234259256344, 0.2714285714285714, 0.25822630587064593, 0.5, 0.4999995173372493
0.23975155279503102, 0.25325794326814344, 0.40384615384615385, 0.34294776364587093, 0.2571428571428571, 0.2591088214978629, 0.5, 0.5000001993825333
0.24720496894409935, 0.2549256152667298, 0.34615384615384615, 0.34363765117087597, 0.2785714285714286, 0.26691324748767215, 0.5, 0.5000004462942781
0.30434782608695654, 0.25637933065151036, 0.40384615384615385, 0.3472547039643159, 0.3, 0.2691280235707291, 0.5, 0.4999993640389978
0.28695652173913044, 0.2575653731258824, 0.38461538461538464, 0.34827246949172946, 0.2571428571428571, 0.2693175349585826, 0.5, 0.499999867415044
0.24347826086956523, 0.2624823106709607, 0.34615384615384615, 0.34932796673226163, 0.2714285714285714, 0.27011330479691587, 0.5, 0.5000005365243728
0.23478260869565215, 0.26470072066041467, 0.3269230769230769, 0.3494256639044729, 0.29285714285714287, 0.2704496811977554, 0.5, 0.5000001778425438
0.31552795031055897, 0.2659170718804825, 0.36538461538461536, 0.3535515092873552, 0.29285714285714287, 0.2728344574430586, 0.5, 0.5000002900777595
0.32049689440993784, 0.26611969162708227, 0.4230769230769231, 0.3570106479135355, 0.2785714285714286, 0.273264400619709, 0.5, 0.5000002424542529
0.25093167701863356, 0.2666461320698909, 0.36538461538461536, 0.3600417494945206, 0.2714285714285714, 0.2785655525510647, 0.5, 0.4999993333777317
0.30807453416149067, 0.2698384492828146, 0.36538461538461536, 0.3614869533352278, 0.3142857142857143, 0.2805965513554926, 0.5, 0.5000002915316517
0.3403726708074534, 0.2722411753840204, 0.4230769230769231, 0.36295663136808615, 0.3357142857142857, 0.2840415251200684, 0.5, 0.5000003155948387
0.3192546583850932, 0.27224257824927967, 0.3269230769230769, 0.36364230992294, 0.2714285714285714, 0.2850319649926552, 0.5, 0.4999994686819268
0.306832298136646, 0.27596293473588734, 0.40384615384615385, 0.36851411487320335, 0.35714285714285715, 0.2853996282240352, 0.5, 0.4999980919797472
0.3279503105590062, 0.2834252177539497, 0.4423076923076923, 0.3698702734976055, 0.35714285714285715, 0.2972870950959888, 0.5, 0.4999994703388411
0.3838509316770186, 0.2898057772415446, 0.4423076923076923, 0.37250030920907645, 0.3142857142857143, 0.30034717163836533, 0.5, 0.4999993815621909
0.32298136645962733, 0.31088691755311465, 0.3076923076923077, 0.3752856740015941, 0.3142857142857143, 0.3138205019927973, 0.5, 0.4999978877577207
0.3801242236024845, 0.31274616168316915, 0.3269230769230769, 0.3766211818653881, 0.34285714285714286, 0.34339559728652314, 0.5, 0.5000004438548621
0.39751552795031053, 0.31299544379473104, 0.4230769230769231, 0.3783535692326986, 0.34285714285714286, 0.3441773955132148, 0.5, 0.5000001737872943
0.33540372670807456, 0.3188879285197272, 0.46153846153846156, 0.3790527063034859, 0.35714285714285715, 0.3702572546304993, 0.5, 0.5000000196292624
0.3242236024844721, 0.32378122175090546, 0.4230769230769231, 0.38643097128144804, 0.38571428571428573, 0.37489432714770593, 0.5, 0.4999978794793668
0.34782608695652173, 0.32393605737032966, 0.36538461538461536, 0.3894836657085096, 0.4, 0.37564741899014803, 0.5, 0.4999996555931994
0.33167701863354043, 0.3244650159727866, 0.34615384615384615, 0.39017065522231986, 0.34285714285714286, 0.38535706505323947, 0.5, 0.5000003061414272
0.33291925465838507, 0.3263907051302387, 0.46153846153846156, 0.3922001038163995, 0.39285714285714285, 0.3880071002943928, 0.5, 0.5000007424562742
0.3440993788819876, 0.32909814286795486, 0.40384615384615385, 0.3945239157171694, 0.35, 0.3890799285474506, 0.5, 0.4999989979502189
0.32919254658385094, 0.3309850304416578, 0.38461538461538464, 0.40002270542618434, 0.38571428571428573, 0.39008720074619985, 0.5, 0.4999978297359037
0.39627329192546584, 0.3345088279716988, 0.36538461538461536, 0.4060707830431186, 0.42142857142857143, 0.39358196957424507, 0.5, 0.4999999047198104
0.42857142857142855, 0.3373039947442429, 0.5, 0.4122713967743985, 0.37142857142857144, 0.39668143529543015, 0.5, 0.4999977475258533
0.37639751552795025, 0.34705632981982587, 0.4423076923076923, 0.4128381739062271, 0.37857142857142856, 0.3967447033016207, 0.5, 0.500000068950785
0.4161490683229814, 0.3511372212434607, 0.46153846153846156, 0.4137719244733387, 0.35714285714285715, 0.396747064416885, 0.5, 0.5000008927899116
0.38757763975155285, 0.35579842130906897, 0.4807692307692308, 0.41526756425584205, 0.36428571428571427, 0.40007458144857394, 0.5, 0.49999990266195093
0.4049689440993789, 0.3576964956754114, 0.34615384615384615, 0.4161248308933506, 0.37142857142857144, 0.4011526803476553, 0.5, 0.499998355512559
0.37267080745341613, 0.3579339644271866, 0.40384615384615385, 0.416380650955489, 0.4, 0.4039114148517437, 0.5, 0.50000217189304
0.4136645962732919, 0.37605487666654625, 0.4423076923076923, 0.4184965185619606, 0.38571428571428573, 0.40473854584318275, 0.5, 0.4999956153251238
0.40372670807453415, 0.37653912009832774, 0.4807692307692308, 0.4260216370720159, 0.45714285714285713, 0.4065704445661694, 0.5, 0.5000003183681582
0.40993788819875776, 0.3818648727545935, 0.4423076923076923, 0.4271209667520149, 0.34285714285714286, 0.41125558459283285, 0.5, 0.499998882056707
0.4173913043478261, 0.3836445439929657, 0.5, 0.42855803276586635, 0.40714285714285714, 0.41390591408386623, 0.5, 0.5000006365181199
0.41242236024844725, 0.3896502098924053, 0.38461538461538464, 0.43914497152036014, 0.40714285714285714, 0.4145154719875338, 0.5, 0.5000016708535158
0.4409937888198758, 0.40283675568423044, 0.4230769230769231, 0.43978168953083735, 0.4, 0.41683766420268453, 0.5, 0.49999901211166253
0.391304347826087, 0.40746956643559185, 0.4423076923076923, 0.4430474131519926, 0.4142857142857143, 0.41974921310929375, 0.5, 0.49999899581349677
0.43726708074534165, 0.41055528546649883, 0.4807692307692308, 0.4443613068081951, 0.40714285714285714, 0.4211206403708041, 0.5, 0.5000008211576208
0.4260869565217391, 0.4132194066589126, 0.4230769230769231, 0.44982102057539053, 0.42142857142857143, 0.4211356141403888, 0.5, 0.5000001287000106
0.4658385093167702, 0.4144232579851747, 0.46153846153846156, 0.45026053378788167, 0.40714285714285714, 0.42328226109589057, 0.5, 0.49999636032500555
0.47329192546583854, 0.41699350487768516, 0.4807692307692308, 0.4520995415852952, 0.38571428571428573, 0.4253749760983611, 0.5, 0.499993997685969
0.42111801242236024, 0.4200422136503172, 0.4807692307692308, 0.4540779551290392, 0.4, 0.42865897133020386, 0.5, 0.5000021204937732
0.4298136645962733, 0.4200497134442444, 0.4807692307692308, 0.4564352596086874, 0.4642857142857143, 0.4361454627400552, 0.5, 0.5000009071861592
0.4, 0.42073195983985323, 0.4807692307692308, 0.456497280109522, 0.40714285714285714, 0.4416375308039294, 0.5, 0.4999998093024795
0.4248447204968944, 0.42381520651900906, 0.40384615384615385, 0.4580087471118641, 0.45714285714285713, 0.4451992897264114, 0.5, 0.5000008787081717
0.47701863354037266, 0.42891476826784036, 0.46153846153846156, 0.45948763536116355, 0.4357142857142857, 0.4465803999040705, 0.5, 0.5000036738264826
0.4335403726708074, 0.43090763449512653, 0.5192307692307693, 0.4640205352407456, 0.44285714285714284, 0.4481664006534501, 0.5, 0.5000021182759826
0.4782608695652174, 0.4370430320990977, 0.40384615384615385, 0.4652888707073292, 0.4142857142857143, 0.4481704134542794, 0.5, 0.4999971736087703
0.48074534161490684, 0.44293582424465033, 0.4230769230769231, 0.4668073620582814, 0.4357142857142857, 0.4497086537160674, 0.5, 0.4999984470408382
0.48944099378881983, 0.447304080547068, 0.5384615384615384, 0.4701939149429679, 0.40714285714285714, 0.4500679661402278, 0.5, 0.5000091208600203
0.48198757763975153, 0.4511023142015633, 0.5384615384615384, 0.47041348911585706, 0.4142857142857143, 0.45106901016513484, 0.5, 0.500011124177132
0.49316770186335407, 0.4559925613802432, 0.46153846153846156, 0.4713591467491695, 0.4714285714285714, 0.4518610251437466, 0.5, 0.4999958831989636
0.484472049689441, 0.45777857019451784, 0.46153846153846156, 0.4777052959022333, 0.45714285714285713, 0.4520075107479831, 0.5, 0.49999825123173786
0.5304347826086957, 0.46052348021613293, 0.4807692307692308, 0.4797880033354143, 0.4714285714285714, 0.4528413546193676, 0.5, 0.49999833687721107
0.5180124223602485, 0.4721846018769679, 0.4423076923076923, 0.48107131716361645, 0.4785714285714286, 0.4553583568110078, 0.5, 0.4999904318835347
0.5341614906832298, 0.4728896478791838, 0.5192307692307693, 0.48444164702531617, 0.4142857142857143, 0.4559517279722763, 0.5, 0.49999890176637224
0.5018633540372671, 0.4747767455352388, 0.4807692307692308, 0.48624611107941385, 0.42857142857142855, 0.4560756225325916, 0.5, 0.4999852989607681
0.5267080745341615, 0.48605887498955747, 0.46153846153846156, 0.4866101219065682, 0.4857142857142857, 0.4569420909064013, 0.5, 0.5000166965096409
0.4906832298136646, 0.4864308769198514, 0.5, 0.4886395801809461, 0.4785714285714286, 0.4569700392489713, 0.5, 0.4999984084332291
0.4857142857142857, 0.4910515541008363, 0.5384615384615384, 0.48895981729764487, 0.42857142857142855, 0.4619744461741172, 0.5, 0.5000009050412741
0.5031055900621118, 0.49135479496677237, 0.46153846153846156, 0.4894119039941907, 0.4142857142857143, 0.4632673111229414, 0.5, 0.4999873578566416
0.5217391304347826, 0.4914508806419381, 0.5, 0.5006922667714655, 0.42857142857142855, 0.4651661504107756, 0.5, 0.49999816835227806
0.5229813664596273, 0.49608144878871013, 0.5, 0.5034026476907301, 0.4857142857142857, 0.4673366913170475, 0.5, 0.5000049293643916
0.4944099378881987, 0.5023409787994394, 0.5, 0.508155130760918, 0.4357142857142857, 0.46923771340806486, 0.5, 0.4999901866368952
0.5068322981366459, 0.502852066509526, 0.4423076923076923, 0.5089870183447391, 0.42142857142857143, 0.4698561154831938, 0.5, 0.499983646075998
0.5192546583850931, 0.5049381611069286, 0.5192307692307693, 0.5097570546946456, 0.45714285714285713, 0.47132017666233855, 0.5, 0.49999643230877516
0.5105590062111801, 0.5071878134846681, 0.5769230769230769, 0.5184669893184226, 0.4785714285714286, 0.47331286529003447, 0.5, 0.4999527900283957
0.5590062111801242, 0.5080238883251836, 0.5384615384615384, 0.5189790540475193, 0.42142857142857143, 0.48575958420722964, 0.5, 0.49999335310140963
0.4968944099378882, 0.5390246840147891, 0.5384615384615384, 0.5223267429908524, 0.5285714285714286, 0.4878980568568328, 0.5, 0.5000190615224454
0.5664596273291925, 0.5445254197452746, 0.5576923076923077, 0.5228123639256657, 0.4642857142857143, 0.4929352516541222, 0.5, 0.5000596479103673
0.5714285714285714, 0.551208888142237, 0.5, 0.5237981891986739, 0.5142857142857142, 0.49579707339853224, 0.5, 0.5000350646263219
0.515527950310559, 0.5552746931349543, 0.5192307692307693, 0.5250391483363739, 0.5, 0.4966895884816408, 0.5, 0.5000570351210415
0.5055900621118012, 0.5620860922414151, 0.5192307692307693, 0.5355068124290727, 0.5357142857142857, 0.49799841605599343, 0.5, 0.5000533587771282
0.6024844720496895, 0.5642606590102062, 0.5, 0.5387308498963035, 0.4928571428571429, 0.4995636931126763, 0.5, 0.5001100506883143
0.6236024844720497, 0.564945037092871, 0.5, 0.5404290792823372, 0.44285714285714284, 0.5042982163098912, 0.5, 0.49994450667519547
0.5627329192546584, 0.5749344896573988, 0.5192307692307693, 0.5434914863562937, 0.5142857142857142, 0.5055964821683112, 0.5, 0.4999357803407024
0.6198757763975156, 0.5873752514612228, 0.5576923076923077, 0.5515493993170983, 0.4857142857142857, 0.5068467558513056, 0.5, 0.5000669635177961
0.5701863354037267, 0.5878658858081297, 0.5576923076923077, 0.5538309384859946, 0.55, 0.5091428571784375, 0.5, 0.5001458818449851
0.6111801242236026, 0.5881927071659308, 0.5961538461538461, 0.5541984030667342, 0.5571428571428572, 0.5124945438362701, 0.5, 0.4999866811121402
0.5838509316770186, 0.5906746649501954, 0.5769230769230769, 0.5568229567516584, 0.45714285714285713, 0.5131317878915135, 0.5, 0.4999945367762284
0.6149068322981367, 0.5916701198757957, 0.5384615384615384, 0.5614662282595217, 0.4928571428571429, 0.516786866330529, 0.5, 0.4999550646207362
0.6273291925465838, 0.5923749841261836, 0.5769230769230769, 0.5651106076299616, 0.4928571428571429, 0.5184432800462897, 0.5, 0.5002158217056779
0.5875776397515527, 0.5930966095703272, 0.5384615384615384, 0.5678539692847681, 0.4785714285714286, 0.521179657102824, 0.5, 0.4995246544535515
0.5900621118012422, 0.5969560179902242, 0.5384615384615384, 0.5678567654558004, 0.5642857142857143, 0.5221898810731072, 0.5, 0.49931561962278753
0.5739130434782609, 0.5995498546206957, 0.5961538461538461, 0.5679100236504275, 0.4857142857142857, 0.5222889066769016, 0.5, 0.4990959983871595
0.5826086956521739, 0.6026562280747128, 0.5769230769230769, 0.5694485979052027, 0.5428571428571428, 0.5227430631173677, 0.5, 0.49986194328324607
0.577639751552795, 0.6077979761720237, 0.5961538461538461, 0.5702898094796626, 0.5357142857142857, 0.5244247697909284, 0.5, 0.5000941284921935
0.591304347826087, 0.6132180013784626, 0.5576923076923077, 0.5725285644783682, 0.5642857142857143, 0.5297183617104863, 0.5, 0.5006463256074899
0.5788819875776398, 0.6134216291341285, 0.5961538461538461, 0.5763499567383298, 0.5285714285714286, 0.5298877377438728, 0.5, 0.49958742002059475
0.5950310559006211, 0.6139759179409235, 0.5961538461538461, 0.577419620615739, 0.5, 0.534661450375234, 0.5, 0.499907238861041
0.6521739130434783, 0.6167259775619105, 0.5769230769230769, 0.5780781379335135, 0.4785714285714286, 0.5365572235553665, 0.5, 0.49964242982246576
0.6074534161490683, 0.6249260153169889, 0.5769230769230769, 0.5813842516222639, 0.4857142857142857, 0.5431401277538557, 0.5, 0.4998184926520184
0.5962732919254659, 0.6365157522569286, 0.5192307692307693, 0.5946716272139027, 0.4785714285714286, 0.5442060532432914, 0.5, 0.499480855784448
0.6124223602484472, 0.6367744984830331, 0.5961538461538461, 0.5950777244393901, 0.5642857142857143, 0.5457240120487667, 0.5, 0.5007862494909119
0.5987577639751553, 0.6375273304718428, 0.6153846153846154, 0.5963230352547647, 0.6285714285714286, 0.5457847011417625, 0.5, 0.5008541560386153
0.7167701863354038, 0.6634256485489536, 0.5961538461538461, 0.5974367497083469, 0.5928571428571429, 0.5482572198161492, 0.5, 0.5005168601133569
0.6645962732919255, 0.6737773174536758, 0.5769230769230769, 0.6001006602257263, 0.5357142857142857, 0.5488507505690795, 0.5, 0.499812119882518
0.7204968944099379, 0.682390069229203, 0.6153846153846154, 0.6020953008390694, 0.5785714285714286, 0.5518780212582813, 0.5, 0.49884024123916426
0.7080745341614907, 0.686116790786524, 0.6346153846153846, 0.6082658408515211, 0.5642857142857143, 0.5525668746352052, 0.5, 0.5008656537789169
0.6956521739130435, 0.6868298749325707, 0.5576923076923077, 0.6089926684547868, 0.5857142857142857, 0.5528734577549272, 0.5, 0.5023959185321573
0.6559006211180124, 0.7001855028519237, 0.5769230769230769, 0.610476579721062, 0.5357142857142857, 0.556992385646966, 0.5, 0.49912305453544237
0.7453416149068323, 0.7015432167741759, 0.6153846153846154, 0.6136430335894227, 0.6357142857142857, 0.5578380196606851, 0.5, 0.5033372910097604
0.7043478260869566, 0.704982156887072, 0.5961538461538461, 0.6141023857702147, 0.5214285714285715, 0.5636466239253489, 0.5, 0.4970395296984445
0.6832298136645962, 0.7067900504529149, 0.6346153846153846, 0.6200539098650936, 0.5642857142857143, 0.5660953787951799, 0.5, 0.5031253895859737
0.6596273291925465, 0.7096676534602184, 0.6153846153846154, 0.6208169307598582, 0.5142857142857142, 0.566388845937377, 0.5, 0.5049178280372932
0.6633540372670809, 0.7119881477512393, 0.6153846153846154, 0.6210794844672567, 0.5571428571428572, 0.57391480886806, 0.5, 0.5047254146813852
0.7006211180124224, 0.7157004884536913, 0.5576923076923077, 0.6219987531904275, 0.5071428571428571, 0.5739593769917173, 0.5, 0.502365431316072
0.6881987577639752, 0.7208241739209146, 0.6538461538461539, 0.6254410622240024, 0.65, 0.5740567263190338, 0.5, 0.4987238684919456
0.6683229813664596, 0.7249066839357258, 0.6538461538461539, 0.6325071662417104, 0.6357142857142857, 0.5741827620424519, 0.5, 0.49530154089624384
0.6795031055900621, 0.7256356640438407, 0.6153846153846154, 0.6330801763160642, 0.6428571428571429, 0.5755936460179663, 0.5, 0.5009165290688142
0.6720496894409937, 0.7260815155108756, 0.5769230769230769, 0.6402198765323914, 0.5714285714285714, 0.5764521436944153, 0.5, 0.49768510896855195
0.6919254658385093, 0.7269599202070449, 0.6153846153846154, 0.6412764137940095, 0.5714285714285714, 0.5774942326625692, 0.5, 0.5117657218092299
0.6770186335403726, 0.7281813950517789, 0.5961538461538461, 0.6418895402170727, 0.6357142857142857, 0.579720398086863, 0.5, 0.49902371957894526
0.6968944099378881, 0.7317693166633797, 0.6538461538461539, 0.6431255552293487, 0.6285714285714286, 0.5833306227260263, 0.5, 0.4977480433955259
0.684472049689441, 0.7342205909261278, 0.6153846153846154, 0.6449449930390808, 0.55, 0.5851768155103226, 0.5, 0.4940454636077059
0.7093167701863353, 0.7492284738051805, 0.6346153846153846, 0.6506862684525279, 0.5, 0.5875527717503073, 0.5, 0.48803580988938633
0.675776397515528, 0.7508011665406026, 0.6538461538461539, 0.6535375248990204, 0.5428571428571428, 0.5882413698257305, 0.5, 0.4893874121482471
0.693167701863354, 0.7518706815204556, 0.6346153846153846, 0.6568044340145777, 0.5428571428571428, 0.5892619230091581, 0.5, 0.5028202427686226
0.6807453416149069, 0.7526520562043526, 0.6538461538461539, 0.6569541496218522, 0.65, 0.590435352736696, 0.5, 0.49335907277907565
0.7018633540372671, 0.7542353979486196, 0.6730769230769231, 0.6571872401247488, 0.5285714285714286, 0.5907196377659445, 0.5, 0.5041081434309765
0.667080745341615, 0.7547473549216908, 0.6730769230769231, 0.6598033239484457, 0.5928571428571429, 0.5939270370572972, 0.5, 0.4992942771679976
0.8012422360248447, 0.7547942338789989, 0.6346153846153846, 0.6600427347208996, 0.6642857142857143, 0.5944091904685463, 0.5, 0.4922306253085901
0.6708074534161491, 0.7608480674072141, 0.6346153846153846, 0.6641825907474428, 0.5571428571428572, 0.5962750545876492, 0.5, 0.508454154188673
0.6894409937888198, 0.7610688628154623, 0.6346153846153846, 0.6671713361137042, 0.5928571428571429, 0.5973221478132684, 0.5, 0.5007670962205953
0.8099378881987578, 0.7675784350364805, 0.6730769230769231, 0.6680250972847418, 0.6214285714285714, 0.5976301229935211, 0.5, 0.5039640330561461
0.8136645962732919, 0.7676494554866736, 0.6538461538461539, 0.6681060100685536, 0.6142857142857143, 0.5986447337149827, 0.5, 0.4963905576709465
0.7888198757763976, 0.769295809575975, 0.6346153846153846, 0.6698144427881401, 0.6642857142857143, 0.6054390759003208, 0.5, 0.5004809816782165
0.7577639751552795, 0.7721818560824932, 0.6923076923076923, 0.6720113405173563, 0.5571428571428572, 0.6063799237905881, 0.5, 0.497810981310807
0.7490683229813664, 0.7779107383699044, 0.5769230769230769, 0.6724006889371729, 0.6142857142857143, 0.6065696540354875, 0.5, 0.49948399219544026
0.7937888198757764, 0.7897347152625526, 0.6538461538461539, 0.6771561010195978, 0.6, 0.6066310291318744, 0.5, 0.49924778454004926
0.7527950310559005, 0.7897886304359064, 0.6538461538461539, 0.6783636995556761, 0.6285714285714286, 0.6084540010832915, 0.5, 0.49804540714916445
0.7850931677018634, 0.793696958205658, 0.7115384615384616, 0.6850054731327488, 0.6642857142857143, 0.6106759142459742, 0.5, 0.499194754074434
0.8385093167701864, 0.7946353318640113, 0.6538461538461539, 0.6851503487463709, 0.6142857142857143, 0.6111252005721183, 0.5, 0.49876720531757723
0.7950310559006211, 0.7990286259431327, 0.6730769230769231, 0.6884751360689813, 0.6642857142857143, 0.6119961820510118, 0.5, 0.4983188764076831
0.7900621118012422, 0.8001706565803747, 0.7115384615384616, 0.6900772823928192, 0.6285714285714286, 0.6123135102739379, 0.5, 0.5000288336213591
0.7639751552795031, 0.8035979943913573, 0.6923076923076923, 0.6909968467093313, 0.6714285714285714, 0.6141646377911835, 0.5, 0.49896440222500027
0.7614906832298136, 0.8071895312739096, 0.6730769230769231, 0.6921430762346569, 0.6214285714285714, 0.6148190460712342, 0.5, 0.49923551974152136
0.7975155279503106, 0.8075689691079152, 0.7115384615384616, 0.7013679781806201, 0.5571428571428572, 0.616293745444506, 0.5, 0.5006650320666526
0.7763975155279503, 0.8138534828691338, 0.6923076923076923, 0.7020398965742634, 0.6142857142857143, 0.6168202898280439, 0.5, 0.5005062409843964
0.8024844720496894, 0.8147005815167916, 0.6923076923076923, 0.7036249320630316, 0.5785714285714286, 0.6174319145051598, 0.5, 0.5002604526594336
0.7863354037267081, 0.8191644485209377, 0.6923076923076923, 0.7069834519398754, 0.6857142857142857, 0.6228212458192752, 0.5, 0.5001375621598332
0.7726708074534162, 0.8230199598369526, 0.7307692307692307, 0.7075014693203184, 0.6214285714285714, 0.6228654867057487, 0.5, 0.5004030713721345
0.777639751552795, 0.8244908225463908, 0.6923076923076923, 0.7139195907892905, 0.6, 0.6376936890443056, 0.5, 0.5001696900250712
0.7689440993788821, 0.8272018416577276, 0.7115384615384616, 0.7140913204614058, 0.6928571428571428, 0.6382957940150561, 0.5, 0.4999152203035773
0.782608695652174, 0.8299297545513213, 0.6730769230769231, 0.7144336265806001, 0.6857142857142857, 0.6387466628595841, 0.5, 0.5000675839832216
0.7739130434782608, 0.8302711358350117, 0.7692307692307693, 0.723181362063168, 0.6857142857142857, 0.6393786867311947, 0.5, 0.4998722572826819
0.7813664596273293, 0.8350368814391524, 0.7115384615384616, 0.7271314796147387, 0.6357142857142857, 0.6419052056052543, 0.5, 0.5001282302973908
0.7652173913043477, 0.8410274191149903, 0.7115384615384616, 0.7289677617728239, 0.6285714285714286, 0.6446563384986748, 0.5, 0.4999277438228686
0.8906832298136647, 0.841150908392327, 0.7307692307692307, 0.7303911261406891, 0.5785714285714286, 0.6463678774230444, 0.5, 0.4998468767793812
1.0, 0.8415581542967128, 0.7692307692307693, 0.7310357542062575, 0.6142857142857143, 0.6531907391828445, 0.5, 0.5001563887969507
0.8819875776397516, 0.8427588651108905, 0.7115384615384616, 0.7344121318229527, 0.65, 0.6600852429562164, 0.5, 0.5001124037071137
0.8919254658385093, 0.8493937798147667, 0.7307692307692307, 0.7414842958271445, 0.6857142857142857, 0.6624520318776984, 0.5, 0.49989567370738497
0.7701863354037267, 0.8499679876195028, 0.7307692307692307, 0.7587485275745245, 0.6928571428571428, 0.6809808944495205, 0.5, 0.500062772879486
0.8993788819875778, 0.8521474281359062, 0.6730769230769231, 0.762368213643485, 0.6857142857142857, 0.6853602221375438, 0.5, 0.499926320204807
0.8944099378881988, 0.8578253204202695, 0.7884615384615384, 0.7629676900466592, 0.7428571428571429, 0.6937667542077267, 0.5, 0.4999482083540811
0.8881987577639752, 0.863921155184284, 0.7692307692307693, 0.764369312162003, 0.65, 0.6968779973584006, 0.5, 0.4999435389413513
0.8695652173913043, 0.8659804622219436, 0.7692307692307693, 0.7647160269745551, 0.6142857142857143, 0.6999771229246945, 0.5, 0.49999630120936506
0.9888198757763974, 0.8667994300256847, 0.75, 0.7668337177523311, 0.7428571428571429, 0.7017713111570458, 0.5, 0.5000336791369351
0.906832298136646, 0.868677742841906, 0.6923076923076923, 0.7721587067242558, 0.6357142857142857, 0.7073095849743231, 0.5, 0.49997432545452675
0.9354037267080745, 0.8715151901532893, 0.7307692307692307, 0.7722013821054305, 0.7142857142857143, 0.7251677385623244, 0.5, 0.5000186736167435
0.9031055900621119, 0.8752375629542337, 0.75, 0.7722298952756707, 0.6714285714285714, 0.7303219206745406, 0.5, 0.49999299080570875
0.8782608695652174, 0.8765763967814264, 0.7692307692307693, 0.7727651498840692, 0.8571428571428571, 0.7358125551659627, 0.5, 0.49995342143248483
0.9925465838509318, 0.8827365930910898, 0.8269230769230769, 0.7739499534908452, 0.7642857142857142, 0.742112372079149, 0.5, 0.4999936211790127
0.9850931677018633, 0.8839087997473349, 0.7884615384615384, 0.7776410518954581, 0.7285714285714285, 0.7626604466282211, 0.5, 0.49999293796404665
0.8509316770186336, 0.8851358146782903, 0.75, 0.7805037230005157, 0.6928571428571428, 0.7683686736436526, 0.5, 0.4999934573845124
0.8956521739130434, 0.8875654542912912, 0.7884615384615384, 0.7811619642491412, 0.8, 0.7683824218078541, 0.5, 0.4999895831614316
0.8670807453416148, 0.8894229632829431, 0.7307692307692307, 0.7827537433588742, 0.6571428571428571, 0.7700311163049433, 0.5, 0.5000020353791446
0.8795031055900621, 0.8907232635491832, 0.75, 0.7861818031592833, 0.9142857142857143, 0.7816114599276668, 0.5, 0.49999685180059156
0.9440993788819876, 0.8912619856270465, 0.7692307692307693, 0.787513465500411, 0.7285714285714285, 0.7844018295441602, 0.5, 0.5000042647547077
0.8571428571428571, 0.8940070465050686, 0.75, 0.788862546948468, 0.7642857142857142, 0.7895083076288589, 0.5, 0.49999134710736604
0.8546583850931677, 0.8959997535570113, 0.8269230769230769, 0.8031560791795435, 0.8785714285714286, 0.7948285679318076, 0.5, 0.5000021847581683
0.9813664596273292, 0.8963872882517663, 0.8076923076923077, 0.8136947858024767, 0.7857142857142857, 0.8028334661023331, 0.5, 0.49999219533462486
0.9391304347826086, 0.8989005964786664, 0.8076923076923077, 0.8156361177486324, 0.7714285714285715, 0.8047657605519867, 0.5, 0.4999874978919277
0.9677018633540373, 0.899018324977662, 0.8846153846153846, 0.8161738783890499, 0.9142857142857143, 0.8050106313798767, 0.5, 0.5000037254858063
0.853416149068323, 0.8991475157300582, 0.7884615384615384, 0.8167833426737017, 0.7857142857142857, 0.8061519997007986, 0.5, 0.5000027970766888
0.8757763975155279, 0.9002552204899915, 0.8269230769230769, 0.8248787509985814, 0.8428571428571429, 0.8096429939573104, 0.5, 0.5000001894388264
0.9726708074534162, 0.9019878420096455, 0.8653846153846154, 0.8251103315904242, 0.75, 0.8098125111008397, 0.5, 0.5000010011853184
0.8459627329192546, 0.9040593310313088, 0.7884615384615384, 0.8270511054768958, 0.8285714285714286, 0.8173813011543751, 0.5, 0.4999958098323767
0.8583850931677018, 0.9079725650370217, 0.8076923076923077, 0.8278900964470457, 0.8071428571428572, 0.8223854037389894, 0.5, 0.5000035149031961
0.8633540372670807, 0.9082434803200562, 0.7884615384615384, 0.8299700331117721, 0.7714285714285715, 0.8245418408157055, 0.5, 0.4999983795414708
0.9714285714285714, 0.9139406259408105, 0.8076923076923077, 0.8362840942152086, 0.9571428571428572, 0.8299292862449508, 0.5, 0.5000011045922453
0.9627329192546584, 0.9153945789810966, 0.8269230769230769, 0.8381765163574028, 0.9357142857142857, 0.8303002326734045, 0.5, 0.4999945493133022
0.9838509316770186, 0.9165460415479885, 0.8269230769230769, 0.8438275681621057, 0.9357142857142857, 0.8468979702420169, 0.5, 0.4999962198446079
0.9515527950310558, 0.9185443472442392, 0.9230769230769231, 0.8443962978908671, 0.8071428571428572, 0.8472505044971588, 0.5, 0.49999840644430943
0.9763975155279503, 0.9195504790650199, 0.9423076923076923, 0.8457741959965784, 0.8071428571428572, 0.8496803256981482, 0.5, 0.5000018926146954
0.9751552795031055, 0.9196346261200533, 0.8461538461538461, 0.8493397328593064, 0.8642857142857143, 0.854253642071078, 0.5, 0.5000004326274645
0.9316770186335404, 0.928061355192152, 0.8461538461538461, 0.8497438155089527, 0.9214285714285714, 0.8610538399392051, 0.5, 0.5000002235926068
0.9503105590062112, 0.9294720060251738, 0.8461538461538461, 0.856493121255731, 0.8285714285714286, 0.8615408970822404, 0.5, 0.4999978068002652
0.9590062111801243, 0.9314868575179102, 0.9423076923076923, 0.8579388099992575, 0.9, 0.8616961369914389, 0.5, 0.4999993069853665
0.9552795031055902, 0.9381055295345497, 0.8846153846153846, 0.8630759024394413, 0.8857142857142857, 0.8680973692292762, 0.5, 0.49999941327250647
0.968944099378882, 0.9386959562522937, 0.9615384615384616, 0.8639601403235256, 0.9571428571428572, 0.8725523540639878, 0.5, 0.4999991317965297
0.9465838509316771, 0.9413805419465104, 0.8846153846153846, 0.8704575864449261, 0.9785714285714285, 0.8862714504613465, 0.5, 0.49999887659188086
0.9565217391304348, 0.9496715662318403, 0.8653846153846154, 0.8799370497631728, 0.9571428571428572, 0.8907525981862411, 0.5, 0.4999992331429064
0.9639751552795031, 0.9500139864447982, 0.8846153846153846, 0.8823501949742429, 0.9428571428571428, 0.9170511987584793, 0.5, 0.4999999943137466
0.942857142857143, 0.9518348302833595, 1.0, 0.9340882241624253, 0.9428571428571428, 0.9208994451274394, 0.5, 0.49999985618008497
